2024-10-12 07:29:10,436 - INFO - Fetched document from https://arxiv.org/html/2408.17024v1
2024-10-12 07:29:10,695 - INFO - Document fetched with length: 204482 characters.
2024-10-12 07:29:59,345 - ERROR - Task exception was never retrieved
future: <Task finished name='Task-1' coro=<main() done, defined at /Users/luist/delivery/luis-testing/embebedings/main.py:18> exception=KeyboardInterrupt()>
Traceback (most recent call last):
  File "/Applications/PyCharm.app/Contents/plugins/python/helpers/pydev/pydevd.py", line 2252, in <module>
    main()
  File "/Applications/PyCharm.app/Contents/plugins/python/helpers/pydev/pydevd.py", line 2234, in main
    globals = debugger.run(setup['file'], None, None, is_module)
  File "/Applications/PyCharm.app/Contents/plugins/python/helpers/pydev/pydevd.py", line 1544, in run
    return self._exec(is_module, entry_point_fn, module_name, file, globals, locals)
  File "/Applications/PyCharm.app/Contents/plugins/python/helpers/pydev/pydevd.py", line 1551, in _exec
    pydev_imports.execfile(file, globals, locals)  # execute the script
  File "/Applications/PyCharm.app/Contents/plugins/python/helpers/pydev/_pydev_imps/_pydev_execfile.py", line 18, in execfile
    exec(compile(contents+"\n", file, 'exec'), glob, loc)
  File "/Users/luist/delivery/luis-testing/embebedings/main.py", line 67, in <module>
    asyncio.run(main())
  File "/Applications/PyCharm.app/Contents/plugins/python/helpers-pro/pydevd_asyncio/pydevd_nest_asyncio.py", line 138, in run
    return loop.run_until_complete(task)
  File "/Applications/PyCharm.app/Contents/plugins/python/helpers-pro/pydevd_asyncio/pydevd_nest_asyncio.py", line 234, in run_until_complete
    self._run_once()
  File "/Applications/PyCharm.app/Contents/plugins/python/helpers-pro/pydevd_asyncio/pydevd_nest_asyncio.py", line 286, in _run_once
    handle._run()
  File "/Library/Frameworks/Python.framework/Versions/3.10/lib/python3.10/asyncio/events.py", line 80, in _run
    self._context.run(self._callback, *self._args)
  File "/Applications/PyCharm.app/Contents/plugins/python/helpers-pro/pydevd_asyncio/pydevd_nest_asyncio.py", line 395, in step
    step_orig(task, exc)
  File "/Library/Frameworks/Python.framework/Versions/3.10/lib/python3.10/asyncio/tasks.py", line 232, in __step
    result = coro.send(None)
  File "/Users/luist/delivery/luis-testing/embebedings/main.py", line 30, in main
    source_doc_chunks = await doc_processor.process_document()
  File "/Users/luist/delivery/luis-testing/embebedings/src/document_processor.py", line 20, in process_document
    html_content = self.__fetch_document()
  File "/Users/luist/delivery/luis-testing/embebedings/src/document_processor.py", line 20, in process_document
    html_content = self.__fetch_document()
  File "_pydevd_bundle/pydevd_cython_darwin_310_64.pyx", line 1187, in _pydevd_bundle.pydevd_cython_darwin_310_64.SafeCallWrapper.__call__
  File "_pydevd_bundle/pydevd_cython_darwin_310_64.pyx", line 627, in _pydevd_bundle.pydevd_cython_darwin_310_64.PyDBFrame.trace_dispatch
  File "_pydevd_bundle/pydevd_cython_darwin_310_64.pyx", line 937, in _pydevd_bundle.pydevd_cython_darwin_310_64.PyDBFrame.trace_dispatch
  File "_pydevd_bundle/pydevd_cython_darwin_310_64.pyx", line 928, in _pydevd_bundle.pydevd_cython_darwin_310_64.PyDBFrame.trace_dispatch
  File "_pydevd_bundle/pydevd_cython_darwin_310_64.pyx", line 585, in _pydevd_bundle.pydevd_cython_darwin_310_64.PyDBFrame.do_wait_suspend
  File "/Applications/PyCharm.app/Contents/plugins/python/helpers/pydev/pydevd.py", line 1201, in do_wait_suspend
    self._do_wait_suspend(thread, frame, event, arg, suspend_type, from_this_thread)
  File "/Applications/PyCharm.app/Contents/plugins/python/helpers/pydev/pydevd.py", line 1216, in _do_wait_suspend
    time.sleep(0.01)
KeyboardInterrupt
2024-10-12 07:30:44,495 - ERROR - Task exception was never retrieved
future: <Task finished name='Task-1' coro=<main() done, defined at /Users/luist/delivery/luis-testing/embebedings/main.py:18> exception=KeyboardInterrupt()>
Traceback (most recent call last):
  File "/Applications/PyCharm.app/Contents/plugins/python/helpers/pydev/pydevd.py", line 2252, in <module>
    main()
  File "/Applications/PyCharm.app/Contents/plugins/python/helpers/pydev/pydevd.py", line 2234, in main
    globals = debugger.run(setup['file'], None, None, is_module)
  File "/Applications/PyCharm.app/Contents/plugins/python/helpers/pydev/pydevd.py", line 1544, in run
    return self._exec(is_module, entry_point_fn, module_name, file, globals, locals)
  File "/Applications/PyCharm.app/Contents/plugins/python/helpers/pydev/pydevd.py", line 1551, in _exec
    pydev_imports.execfile(file, globals, locals)  # execute the script
  File "/Applications/PyCharm.app/Contents/plugins/python/helpers/pydev/_pydev_imps/_pydev_execfile.py", line 18, in execfile
    exec(compile(contents+"\n", file, 'exec'), glob, loc)
  File "/Users/luist/delivery/luis-testing/embebedings/main.py", line 67, in <module>
    asyncio.run(main())
  File "/Applications/PyCharm.app/Contents/plugins/python/helpers-pro/pydevd_asyncio/pydevd_nest_asyncio.py", line 138, in run
    return loop.run_until_complete(task)
  File "/Applications/PyCharm.app/Contents/plugins/python/helpers-pro/pydevd_asyncio/pydevd_nest_asyncio.py", line 234, in run_until_complete
    self._run_once()
  File "/Applications/PyCharm.app/Contents/plugins/python/helpers-pro/pydevd_asyncio/pydevd_nest_asyncio.py", line 286, in _run_once
    handle._run()
  File "/Library/Frameworks/Python.framework/Versions/3.10/lib/python3.10/asyncio/events.py", line 80, in _run
    self._context.run(self._callback, *self._args)
  File "/Applications/PyCharm.app/Contents/plugins/python/helpers-pro/pydevd_asyncio/pydevd_nest_asyncio.py", line 395, in step
    step_orig(task, exc)
  File "/Library/Frameworks/Python.framework/Versions/3.10/lib/python3.10/asyncio/tasks.py", line 232, in __step
    result = coro.send(None)
  File "/Users/luist/delivery/luis-testing/embebedings/main.py", line 30, in main
    source_doc_chunks = await doc_processor.process_document()
  File "/Users/luist/delivery/luis-testing/embebedings/main.py", line 30, in main
    source_doc_chunks = await doc_processor.process_document()
  File "_pydevd_bundle/pydevd_cython_darwin_310_64.pyx", line 1597, in _pydevd_bundle.pydevd_cython_darwin_310_64.ThreadTracer.__call__
  File "_pydevd_bundle/pydevd_cython_darwin_310_64.pyx", line 937, in _pydevd_bundle.pydevd_cython_darwin_310_64.PyDBFrame.trace_dispatch
  File "_pydevd_bundle/pydevd_cython_darwin_310_64.pyx", line 928, in _pydevd_bundle.pydevd_cython_darwin_310_64.PyDBFrame.trace_dispatch
  File "_pydevd_bundle/pydevd_cython_darwin_310_64.pyx", line 585, in _pydevd_bundle.pydevd_cython_darwin_310_64.PyDBFrame.do_wait_suspend
  File "/Applications/PyCharm.app/Contents/plugins/python/helpers/pydev/pydevd.py", line 1201, in do_wait_suspend
    self._do_wait_suspend(thread, frame, event, arg, suspend_type, from_this_thread)
  File "/Applications/PyCharm.app/Contents/plugins/python/helpers/pydev/pydevd.py", line 1216, in _do_wait_suspend
    time.sleep(0.01)
KeyboardInterrupt
2024-10-12 07:33:08,833 - INFO - Fetched document from https://arxiv.org/html/2408.17024v1
2024-10-12 07:33:33,606 - INFO - Document fetched with length: 204482 characters.
2024-10-12 07:34:27,223 - INFO - Fetched document from https://arxiv.org/html/2408.17024v1
2024-10-12 07:34:29,151 - INFO - Document fetched with length: 204482 characters.
2024-10-12 07:35:18,530 - INFO - Fetched document from https://arxiv.org/html/2408.17024v1
2024-10-12 07:35:19,830 - INFO - Document fetched with length: 204482 characters.
2024-10-12 13:27:20,475 - ERROR - Task exception was never retrieved
future: <Task finished name='Task-1' coro=<main() done, defined at /Users/luist/delivery/luis-testing/embebedings/main.py:18> exception=KeyboardInterrupt()>
Traceback (most recent call last):
  File "/Applications/PyCharm.app/Contents/plugins/python/helpers/pydev/pydevd.py", line 2252, in <module>
    main()
  File "/Applications/PyCharm.app/Contents/plugins/python/helpers/pydev/pydevd.py", line 2234, in main
    globals = debugger.run(setup['file'], None, None, is_module)
  File "/Applications/PyCharm.app/Contents/plugins/python/helpers/pydev/pydevd.py", line 1544, in run
    return self._exec(is_module, entry_point_fn, module_name, file, globals, locals)
  File "/Applications/PyCharm.app/Contents/plugins/python/helpers/pydev/pydevd.py", line 1551, in _exec
    pydev_imports.execfile(file, globals, locals)  # execute the script
  File "/Applications/PyCharm.app/Contents/plugins/python/helpers/pydev/_pydev_imps/_pydev_execfile.py", line 18, in execfile
    exec(compile(contents+"\n", file, 'exec'), glob, loc)
  File "/Users/luist/delivery/luis-testing/embebedings/main.py", line 69, in <module>
    asyncio.run(main())
  File "/Applications/PyCharm.app/Contents/plugins/python/helpers-pro/pydevd_asyncio/pydevd_nest_asyncio.py", line 138, in run
    return loop.run_until_complete(task)
  File "/Applications/PyCharm.app/Contents/plugins/python/helpers-pro/pydevd_asyncio/pydevd_nest_asyncio.py", line 234, in run_until_complete
    self._run_once()
  File "/Applications/PyCharm.app/Contents/plugins/python/helpers-pro/pydevd_asyncio/pydevd_nest_asyncio.py", line 286, in _run_once
    handle._run()
  File "/Library/Frameworks/Python.framework/Versions/3.10/lib/python3.10/asyncio/events.py", line 80, in _run
    self._context.run(self._callback, *self._args)
  File "/Applications/PyCharm.app/Contents/plugins/python/helpers-pro/pydevd_asyncio/pydevd_nest_asyncio.py", line 395, in step
    step_orig(task, exc)
  File "/Library/Frameworks/Python.framework/Versions/3.10/lib/python3.10/asyncio/tasks.py", line 232, in __step
    result = coro.send(None)
  File "/Users/luist/delivery/luis-testing/embebedings/main.py", line 30, in main
    source_doc_chunks = doc_processor.process_document()
  File "/Users/luist/delivery/luis-testing/embebedings/src/document_processor.py", line 23, in process_document
    return split_text_into_chunks(html_content, self.char_limit)
  File "/Users/luist/delivery/luis-testing/embebedings/src/utils.py", line 3, in split_text_into_chunks
    limited_text = text[:limit]
  File "/Users/luist/delivery/luis-testing/embebedings/src/utils.py", line 3, in split_text_into_chunks
    limited_text = text[:limit]
  File "_pydevd_bundle/pydevd_cython_darwin_310_64.pyx", line 1187, in _pydevd_bundle.pydevd_cython_darwin_310_64.SafeCallWrapper.__call__
  File "_pydevd_bundle/pydevd_cython_darwin_310_64.pyx", line 627, in _pydevd_bundle.pydevd_cython_darwin_310_64.PyDBFrame.trace_dispatch
  File "_pydevd_bundle/pydevd_cython_darwin_310_64.pyx", line 937, in _pydevd_bundle.pydevd_cython_darwin_310_64.PyDBFrame.trace_dispatch
  File "_pydevd_bundle/pydevd_cython_darwin_310_64.pyx", line 928, in _pydevd_bundle.pydevd_cython_darwin_310_64.PyDBFrame.trace_dispatch
  File "_pydevd_bundle/pydevd_cython_darwin_310_64.pyx", line 585, in _pydevd_bundle.pydevd_cython_darwin_310_64.PyDBFrame.do_wait_suspend
  File "/Applications/PyCharm.app/Contents/plugins/python/helpers/pydev/pydevd.py", line 1201, in do_wait_suspend
    self._do_wait_suspend(thread, frame, event, arg, suspend_type, from_this_thread)
  File "/Applications/PyCharm.app/Contents/plugins/python/helpers/pydev/pydevd.py", line 1216, in _do_wait_suspend
    time.sleep(0.01)
KeyboardInterrupt
2024-10-12 13:27:21,635 - INFO - Fetched document from https://arxiv.org/html/2408.17024v1
2024-10-12 13:27:21,635 - INFO - Document fetched with length: 204482 characters.
2024-10-12 13:28:13,522 - INFO - Fetched document from https://arxiv.org/html/2408.17024v1
2024-10-12 13:28:14,206 - INFO - Document fetched with length: 204482 characters.
2024-10-12 13:41:00,365 - ERROR - Task exception was never retrieved
future: <Task finished name='Task-1' coro=<main() done, defined at /Users/luist/delivery/luis-testing/embebedings/main.py:18> exception=KeyboardInterrupt()>
Traceback (most recent call last):
  File "/Applications/PyCharm.app/Contents/plugins/python/helpers/pydev/pydevd.py", line 2252, in <module>
    main()
  File "/Applications/PyCharm.app/Contents/plugins/python/helpers/pydev/pydevd.py", line 2234, in main
    globals = debugger.run(setup['file'], None, None, is_module)
  File "/Applications/PyCharm.app/Contents/plugins/python/helpers/pydev/pydevd.py", line 1544, in run
    return self._exec(is_module, entry_point_fn, module_name, file, globals, locals)
  File "/Applications/PyCharm.app/Contents/plugins/python/helpers/pydev/pydevd.py", line 1551, in _exec
    pydev_imports.execfile(file, globals, locals)  # execute the script
  File "/Applications/PyCharm.app/Contents/plugins/python/helpers/pydev/_pydev_imps/_pydev_execfile.py", line 18, in execfile
    exec(compile(contents+"\n", file, 'exec'), glob, loc)
  File "/Users/luist/delivery/luis-testing/embebedings/main.py", line 69, in <module>
    asyncio.run(main())
  File "/Applications/PyCharm.app/Contents/plugins/python/helpers-pro/pydevd_asyncio/pydevd_nest_asyncio.py", line 138, in run
    return loop.run_until_complete(task)
  File "/Applications/PyCharm.app/Contents/plugins/python/helpers-pro/pydevd_asyncio/pydevd_nest_asyncio.py", line 234, in run_until_complete
    self._run_once()
  File "/Applications/PyCharm.app/Contents/plugins/python/helpers-pro/pydevd_asyncio/pydevd_nest_asyncio.py", line 286, in _run_once
    handle._run()
  File "/Library/Frameworks/Python.framework/Versions/3.10/lib/python3.10/asyncio/events.py", line 80, in _run
    self._context.run(self._callback, *self._args)
  File "/Applications/PyCharm.app/Contents/plugins/python/helpers-pro/pydevd_asyncio/pydevd_nest_asyncio.py", line 395, in step
    step_orig(task, exc)
  File "/Library/Frameworks/Python.framework/Versions/3.10/lib/python3.10/asyncio/tasks.py", line 232, in __step
    result = coro.send(None)
  File "/Users/luist/delivery/luis-testing/embebedings/main.py", line 32, in main
    print("source_doc_chunks --",source_doc_chunks)
  File "/Users/luist/delivery/luis-testing/embebedings/main.py", line 32, in main
    print("source_doc_chunks --",source_doc_chunks)
  File "/Applications/PyCharm.app/Contents/plugins/python/helpers/pydev/_pydevd_bundle/pydevd_trace_dispatch.py", line 92, in trace_dispatch
    return _trace_dispatch(py_db, frame, event, arg)
  File "_pydevd_bundle/pydevd_cython_darwin_310_64.pyx", line 1337, in _pydevd_bundle.pydevd_cython_darwin_310_64.trace_dispatch
  File "_pydevd_bundle/pydevd_cython_darwin_310_64.pyx", line 1597, in _pydevd_bundle.pydevd_cython_darwin_310_64.ThreadTracer.__call__
  File "_pydevd_bundle/pydevd_cython_darwin_310_64.pyx", line 1103, in _pydevd_bundle.pydevd_cython_darwin_310_64.PyDBFrame.trace_dispatch
  File "_pydevd_bundle/pydevd_cython_darwin_310_64.pyx", line 1065, in _pydevd_bundle.pydevd_cython_darwin_310_64.PyDBFrame.trace_dispatch
  File "_pydevd_bundle/pydevd_cython_darwin_310_64.pyx", line 585, in _pydevd_bundle.pydevd_cython_darwin_310_64.PyDBFrame.do_wait_suspend
  File "/Applications/PyCharm.app/Contents/plugins/python/helpers/pydev/pydevd.py", line 1201, in do_wait_suspend
    self._do_wait_suspend(thread, frame, event, arg, suspend_type, from_this_thread)
  File "/Applications/PyCharm.app/Contents/plugins/python/helpers/pydev/pydevd.py", line 1216, in _do_wait_suspend
    time.sleep(0.01)
KeyboardInterrupt
2024-10-12 13:41:11,977 - INFO - Fetched document from https://arxiv.org/html/2408.17024v1
2024-10-12 13:41:52,208 - INFO - Document fetched with length: 69316 characters.
2024-10-12 13:46:09,336 - ERROR - Task exception was never retrieved
future: <Task finished name='Task-1' coro=<main() done, defined at /Users/luist/delivery/luis-testing/embebedings/main.py:18> exception=KeyboardInterrupt()>
Traceback (most recent call last):
  File "/Applications/PyCharm.app/Contents/plugins/python/helpers/pydev/pydevd.py", line 2252, in <module>
    main()
  File "/Applications/PyCharm.app/Contents/plugins/python/helpers/pydev/pydevd.py", line 2234, in main
    globals = debugger.run(setup['file'], None, None, is_module)
  File "/Applications/PyCharm.app/Contents/plugins/python/helpers/pydev/pydevd.py", line 1544, in run
    return self._exec(is_module, entry_point_fn, module_name, file, globals, locals)
  File "/Applications/PyCharm.app/Contents/plugins/python/helpers/pydev/pydevd.py", line 1551, in _exec
    pydev_imports.execfile(file, globals, locals)  # execute the script
  File "/Applications/PyCharm.app/Contents/plugins/python/helpers/pydev/_pydev_imps/_pydev_execfile.py", line 18, in execfile
    exec(compile(contents+"\n", file, 'exec'), glob, loc)
  File "/Users/luist/delivery/luis-testing/embebedings/main.py", line 69, in <module>
    asyncio.run(main())
  File "/Applications/PyCharm.app/Contents/plugins/python/helpers-pro/pydevd_asyncio/pydevd_nest_asyncio.py", line 138, in run
    return loop.run_until_complete(task)
  File "/Applications/PyCharm.app/Contents/plugins/python/helpers-pro/pydevd_asyncio/pydevd_nest_asyncio.py", line 234, in run_until_complete
    self._run_once()
  File "/Applications/PyCharm.app/Contents/plugins/python/helpers-pro/pydevd_asyncio/pydevd_nest_asyncio.py", line 286, in _run_once
    handle._run()
  File "/Library/Frameworks/Python.framework/Versions/3.10/lib/python3.10/asyncio/events.py", line 80, in _run
    self._context.run(self._callback, *self._args)
  File "/Applications/PyCharm.app/Contents/plugins/python/helpers-pro/pydevd_asyncio/pydevd_nest_asyncio.py", line 395, in step
    step_orig(task, exc)
  File "/Library/Frameworks/Python.framework/Versions/3.10/lib/python3.10/asyncio/tasks.py", line 232, in __step
    result = coro.send(None)
  File "/Users/luist/delivery/luis-testing/embebedings/main.py", line 32, in main
    print("source_doc_chunks --",source_doc_chunks)
  File "/Users/luist/delivery/luis-testing/embebedings/main.py", line 32, in main
    print("source_doc_chunks --",source_doc_chunks)
  File "_pydevd_bundle/pydevd_cython_darwin_310_64.pyx", line 1187, in _pydevd_bundle.pydevd_cython_darwin_310_64.SafeCallWrapper.__call__
  File "_pydevd_bundle/pydevd_cython_darwin_310_64.pyx", line 627, in _pydevd_bundle.pydevd_cython_darwin_310_64.PyDBFrame.trace_dispatch
  File "_pydevd_bundle/pydevd_cython_darwin_310_64.pyx", line 937, in _pydevd_bundle.pydevd_cython_darwin_310_64.PyDBFrame.trace_dispatch
  File "_pydevd_bundle/pydevd_cython_darwin_310_64.pyx", line 928, in _pydevd_bundle.pydevd_cython_darwin_310_64.PyDBFrame.trace_dispatch
  File "_pydevd_bundle/pydevd_cython_darwin_310_64.pyx", line 585, in _pydevd_bundle.pydevd_cython_darwin_310_64.PyDBFrame.do_wait_suspend
  File "/Applications/PyCharm.app/Contents/plugins/python/helpers/pydev/pydevd.py", line 1201, in do_wait_suspend
    self._do_wait_suspend(thread, frame, event, arg, suspend_type, from_this_thread)
  File "/Applications/PyCharm.app/Contents/plugins/python/helpers/pydev/pydevd.py", line 1216, in _do_wait_suspend
    time.sleep(0.01)
KeyboardInterrupt
2024-10-12 13:46:22,593 - INFO - Fetched document from https://arxiv.org/html/2408.17024v1
2024-10-12 13:46:25,855 - INFO - Document fetched with length: 69316 characters.
2024-10-12 13:47:11,716 - INFO - Fetched document from https://arxiv.org/html/2408.17024v1
2024-10-12 13:47:11,779 - INFO - Document fetched with length: 69316 characters.
2024-10-12 13:48:11,182 - INFO - Fetched document from https://arxiv.org/html/2408.17024v1
2024-10-12 13:48:11,225 - INFO - Document fetched with length: 69316 characters.
2024-10-12 13:49:58,702 - INFO - Fetched document from https://arxiv.org/html/2408.17024v1
2024-10-12 13:49:58,741 - INFO - Document fetched with length: 69316 characters.
2024-10-12 13:49:58,796 - INFO - Testing main model: nomic-embed-text
2024-10-12 13:50:10,866 - INFO - Fetched document from https://arxiv.org/html/2408.17024v1
2024-10-12 13:50:10,910 - INFO - Document fetched with length: 69316 characters.
2024-10-12 13:50:10,961 - INFO - Testing main model: nomic-embed-text
2024-10-12 13:50:10,968 - INFO - Pulling model: nomic-embed-text
2024-10-12 13:50:44,488 - INFO - Fetched document from https://arxiv.org/html/2408.17024v1
2024-10-12 13:50:44,526 - INFO - Document fetched with length: 69316 characters.
2024-10-12 13:50:44,582 - INFO - Testing main model: nomic-embed-text
2024-10-12 13:50:44,590 - INFO - Pulling model: nomic-embed-text
2024-10-12 13:51:12,950 - INFO - Fetched document from https://arxiv.org/html/2408.17024v1
2024-10-12 13:51:12,991 - INFO - Document fetched with length: 69316 characters.
2024-10-12 13:51:13,046 - INFO - Testing main model: nomic-embed-text
2024-10-12 13:51:13,059 - INFO - Testing main model: mxbai-embed-large
2024-10-12 13:51:13,059 - INFO - Testing main model: all-minilm
2024-10-12 13:51:13,059 - INFO - Testing main model: snowflake-arctic-embed
2024-10-12 13:51:13,059 - INFO - Testing main model: bge-m3
2024-10-12 13:51:13,059 - INFO - Testing main model: bge-large
2024-10-12 13:51:13,059 - INFO - Testing main model: llama3.1
2024-10-12 13:51:13,059 - INFO - Testing main model: llama3.2
2024-10-12 13:51:28,761 - INFO - Fetched document from https://arxiv.org/html/2408.17024v1
2024-10-12 13:51:28,797 - INFO - Document fetched with length: 69316 characters.
2024-10-12 13:51:28,849 - INFO - Testing main model: nomic-embed-text
2024-10-12 13:51:28,858 - INFO - Pulling model: nomic-embed-text
2024-10-12 13:51:29,927 - INFO - Pulling model: mxbai-embed-large
2024-10-12 13:51:30,880 - INFO - Pulling model: all-minilm
2024-10-12 13:51:45,981 - INFO - Pulling model: snowflake-arctic-embed
2024-10-12 13:51:46,894 - INFO - Pulling model: bge-m3
2024-10-12 13:52:14,778 - INFO - Fetched document from https://arxiv.org/html/2408.17024v1
2024-10-12 13:52:14,820 - INFO - Document fetched with length: 69316 characters.
2024-10-12 13:52:14,871 - INFO - Testing main model: nomic-embed-text
2024-10-12 13:52:14,880 - INFO - Pulling model: nomic-embed-text
2024-10-12 13:52:16,037 - INFO - Pulling model: mxbai-embed-large
2024-10-12 13:52:17,063 - INFO - Pulling model: all-minilm
2024-10-12 13:52:18,102 - INFO - Pulling model: snowflake-arctic-embed
2024-10-12 13:52:19,130 - INFO - Pulling model: bge-m3
2024-10-12 13:52:24,344 - INFO - Fetched document from https://arxiv.org/html/2408.17024v1
2024-10-12 13:52:24,385 - INFO - Document fetched with length: 69316 characters.
2024-10-12 13:52:24,440 - INFO - Testing main model: nomic-embed-text
2024-10-12 13:52:24,449 - INFO - Pulling model: nomic-embed-text
2024-10-12 13:52:25,557 - INFO - Pulling model: mxbai-embed-large
2024-10-12 13:52:26,548 - INFO - Pulling model: all-minilm
2024-10-12 13:52:27,509 - INFO - Pulling model: snowflake-arctic-embed
2024-10-12 13:52:28,477 - INFO - Pulling model: bge-m3
2024-10-12 13:52:37,343 - INFO - Fetched document from https://arxiv.org/html/2408.17024v1
2024-10-12 13:52:44,003 - INFO - Document fetched with length: 69316 characters.
2024-10-12 13:52:51,755 - INFO - Testing main model: nomic-embed-text
2024-10-12 13:56:03,406 - INFO - Pulling model: nomic-embed-text
2024-10-12 13:56:15,009 - INFO - Pulling model: mxbai-embed-large
2024-10-12 13:56:21,142 - INFO - Pulling model: all-minilm
2024-10-12 13:56:24,047 - INFO - Pulling model: snowflake-arctic-embed
2024-10-12 13:56:26,118 - INFO - Pulling model: bge-m3
2024-10-12 14:00:03,742 - INFO - Pulling model: bge-large
2024-10-12 14:01:57,900 - INFO - Pulling model: llama3.1
2024-10-12 14:31:45,576 - INFO - Pulling model: llama3.2
2024-10-12 14:31:54,161 - INFO - Pulling model: nomic-embed-text
2024-10-12 14:31:57,335 - INFO - All models pulled successfully
2024-10-12 14:44:55,012 - INFO - Testing main model: mxbai-embed-large
2024-10-12 14:45:19,566 - INFO - Pulling model: nomic-embed-text
2024-10-12 14:45:22,716 - INFO - Pulling model: mxbai-embed-large
2024-10-12 14:45:25,147 - INFO - Pulling model: all-minilm
2024-10-12 14:45:26,882 - INFO - Pulling model: snowflake-arctic-embed
2024-10-12 14:45:29,417 - INFO - Pulling model: bge-m3
2024-10-12 14:45:33,590 - INFO - Pulling model: bge-large
2024-10-12 14:45:34,637 - INFO - Pulling model: llama3.1
2024-10-12 14:45:35,657 - INFO - Pulling model: llama3.2
2024-10-12 14:45:36,577 - INFO - Pulling model: mxbai-embed-large
2024-10-12 14:45:38,857 - INFO - All models pulled successfully
2024-10-12 14:45:38,857 - INFO - Testing main model: all-minilm
2024-10-12 14:48:38,234 - INFO - Pulling model: nomic-embed-text
2024-10-12 14:48:41,309 - INFO - Pulling model: mxbai-embed-large
2024-10-12 14:48:57,336 - INFO - Pulling model: all-minilm
2024-10-12 14:48:58,269 - INFO - Pulling model: snowflake-arctic-embed
2024-10-12 14:48:59,433 - INFO - Pulling model: bge-m3
2024-10-12 14:49:00,541 - INFO - Pulling model: bge-large
2024-10-12 14:49:01,528 - INFO - Pulling model: llama3.1
2024-10-12 14:49:02,606 - INFO - Pulling model: llama3.2
2024-10-12 14:49:03,513 - INFO - Pulling model: all-minilm
2024-10-12 14:49:12,254 - INFO - All models pulled successfully
2024-10-12 14:49:12,254 - INFO - Testing main model: snowflake-arctic-embed
2024-10-12 14:49:18,841 - INFO - Pulling model: nomic-embed-text
2024-10-12 14:49:19,771 - INFO - Pulling model: mxbai-embed-large
2024-10-12 14:49:20,928 - INFO - Pulling model: all-minilm
2024-10-12 14:49:21,884 - INFO - Pulling model: snowflake-arctic-embed
2024-10-12 14:49:23,055 - INFO - Pulling model: bge-m3
2024-10-12 14:49:23,982 - INFO - Pulling model: bge-large
2024-10-12 14:49:25,029 - INFO - Pulling model: llama3.1
2024-10-12 14:49:26,051 - INFO - Pulling model: llama3.2
2024-10-12 14:49:27,021 - INFO - Pulling model: snowflake-arctic-embed
2024-10-12 14:49:41,307 - INFO - All models pulled successfully
2024-10-12 14:49:41,308 - INFO - Testing main model: bge-m3
2024-10-12 14:49:45,542 - ERROR - Task exception was never retrieved
future: <Task finished name='Task-1' coro=<main() done, defined at /Users/luist/delivery/luis-testing/embebedings/main.py:18> exception=KeyboardInterrupt()>
Traceback (most recent call last):
  File "/Applications/PyCharm.app/Contents/plugins/python/helpers/pydev/pydevd.py", line 2252, in <module>
    main()
  File "/Applications/PyCharm.app/Contents/plugins/python/helpers/pydev/pydevd.py", line 2234, in main
    globals = debugger.run(setup['file'], None, None, is_module)
  File "/Applications/PyCharm.app/Contents/plugins/python/helpers/pydev/pydevd.py", line 1544, in run
    return self._exec(is_module, entry_point_fn, module_name, file, globals, locals)
  File "/Applications/PyCharm.app/Contents/plugins/python/helpers/pydev/pydevd.py", line 1551, in _exec
    pydev_imports.execfile(file, globals, locals)  # execute the script
  File "/Applications/PyCharm.app/Contents/plugins/python/helpers/pydev/_pydev_imps/_pydev_execfile.py", line 18, in execfile
    exec(compile(contents+"\n", file, 'exec'), glob, loc)
  File "/Users/luist/delivery/luis-testing/embebedings/main.py", line 71, in <module>
    asyncio.run(main())
  File "/Applications/PyCharm.app/Contents/plugins/python/helpers-pro/pydevd_asyncio/pydevd_nest_asyncio.py", line 138, in run
    return loop.run_until_complete(task)
  File "/Applications/PyCharm.app/Contents/plugins/python/helpers-pro/pydevd_asyncio/pydevd_nest_asyncio.py", line 234, in run_until_complete
    self._run_once()
  File "/Applications/PyCharm.app/Contents/plugins/python/helpers-pro/pydevd_asyncio/pydevd_nest_asyncio.py", line 286, in _run_once
    handle._run()
  File "/Library/Frameworks/Python.framework/Versions/3.10/lib/python3.10/asyncio/events.py", line 80, in _run
    self._context.run(self._callback, *self._args)
  File "/Applications/PyCharm.app/Contents/plugins/python/helpers-pro/pydevd_asyncio/pydevd_nest_asyncio.py", line 395, in step
    step_orig(task, exc)
  File "/Library/Frameworks/Python.framework/Versions/3.10/lib/python3.10/asyncio/tasks.py", line 232, in __step
    result = coro.send(None)
  File "/Users/luist/delivery/luis-testing/embebedings/main.py", line 44, in main
    #     model_manager.pull_models()
  File "/Users/luist/delivery/luis-testing/embebedings/src/model_manager.py", line 15, in pull_models
    local_models = ollama.list()
  File "/Users/luist/delivery/luis-testing/embebedings/src/model_manager.py", line 15, in pull_models
    local_models = ollama.list()
  File "_pydevd_bundle/pydevd_cython_darwin_310_64.pyx", line 1187, in _pydevd_bundle.pydevd_cython_darwin_310_64.SafeCallWrapper.__call__
  File "_pydevd_bundle/pydevd_cython_darwin_310_64.pyx", line 627, in _pydevd_bundle.pydevd_cython_darwin_310_64.PyDBFrame.trace_dispatch
  File "_pydevd_bundle/pydevd_cython_darwin_310_64.pyx", line 937, in _pydevd_bundle.pydevd_cython_darwin_310_64.PyDBFrame.trace_dispatch
  File "_pydevd_bundle/pydevd_cython_darwin_310_64.pyx", line 928, in _pydevd_bundle.pydevd_cython_darwin_310_64.PyDBFrame.trace_dispatch
  File "_pydevd_bundle/pydevd_cython_darwin_310_64.pyx", line 585, in _pydevd_bundle.pydevd_cython_darwin_310_64.PyDBFrame.do_wait_suspend
  File "/Applications/PyCharm.app/Contents/plugins/python/helpers/pydev/pydevd.py", line 1201, in do_wait_suspend
    self._do_wait_suspend(thread, frame, event, arg, suspend_type, from_this_thread)
  File "/Applications/PyCharm.app/Contents/plugins/python/helpers/pydev/pydevd.py", line 1216, in _do_wait_suspend
    time.sleep(0.01)
KeyboardInterrupt
2024-10-12 14:49:59,717 - INFO - Fetched document from https://arxiv.org/html/2408.17024v1
2024-10-12 14:49:59,843 - INFO - Document fetched with length: 69316 characters.
2024-10-12 14:49:59,974 - INFO - Testing main model: nomic-embed-text
2024-10-12 15:32:31,841 - INFO - Fetched document from https://arxiv.org/html/2408.17024v1
2024-10-12 15:32:31,904 - INFO - Document fetched with length: 69316 characters.
2024-10-12 15:32:31,990 - INFO - Testing main model: nomic-embed-text
2024-10-12 15:43:07,389 - INFO - Fetched document from https://arxiv.org/html/2408.17024v1
2024-10-12 15:43:07,442 - INFO - Document fetched with length: 69316 characters.
2024-10-12 15:43:07,496 - INFO - Testing main model: nomic-embed-text
2024-10-12 15:43:23,762 - INFO - Fetched document from https://arxiv.org/html/2408.17024v1
2024-10-12 15:43:23,805 - INFO - Document fetched with length: 69316 characters.
2024-10-12 15:43:23,861 - INFO - Testing main model: nomic-embed-text
2024-10-12 15:43:23,867 - INFO - Index created for model: nomic-embed-text
2024-10-12 16:36:31,994 - INFO - Fetched document from https://arxiv.org/html/2408.17024v1
2024-10-12 16:36:32,056 - INFO - Document fetched with length: 69316 characters.
2024-10-12 16:36:32,146 - INFO - Testing main model: nomic-embed-text
2024-10-12 16:37:06,428 - INFO - Fetched document from https://arxiv.org/html/2408.17024v1
2024-10-12 16:37:06,472 - INFO - Document fetched with length: 69316 characters.
2024-10-12 16:37:06,528 - INFO - Testing main model: nomic-embed-text
2024-10-12 16:45:11,949 - INFO - Fetched document from https://arxiv.org/html/2408.17024v1
2024-10-12 16:45:12,010 - INFO - Document fetched with length: 69316 characters.
2024-10-12 16:45:12,104 - INFO - Testing main model: nomic-embed-text
2024-10-12 16:46:18,457 - INFO - Fetched document from https://arxiv.org/html/2408.17024v1
2024-10-12 16:46:18,570 - INFO - Document fetched with length: 69316 characters.
2024-10-12 16:46:18,697 - INFO - Testing main model: nomic-embed-text
2024-10-12 16:57:27,245 - ERROR - Task exception was never retrieved
future: <Task finished name='Task-1' coro=<main() done, defined at /Users/luist/delivery/luis-testing/embebedings/main.py:18> exception=KeyboardInterrupt()>
Traceback (most recent call last):
  File "/Applications/PyCharm.app/Contents/plugins/python/helpers/pydev/pydevd.py", line 2252, in <module>
    main()
  File "/Applications/PyCharm.app/Contents/plugins/python/helpers/pydev/pydevd.py", line 2234, in main
    globals = debugger.run(setup['file'], None, None, is_module)
  File "/Applications/PyCharm.app/Contents/plugins/python/helpers/pydev/pydevd.py", line 1544, in run
    return self._exec(is_module, entry_point_fn, module_name, file, globals, locals)
  File "/Applications/PyCharm.app/Contents/plugins/python/helpers/pydev/pydevd.py", line 1551, in _exec
    pydev_imports.execfile(file, globals, locals)  # execute the script
  File "/Applications/PyCharm.app/Contents/plugins/python/helpers/pydev/_pydev_imps/_pydev_execfile.py", line 18, in execfile
    exec(compile(contents+"\n", file, 'exec'), glob, loc)
  File "/Users/luist/delivery/luis-testing/embebedings/main.py", line 68, in <module>
    asyncio.run(main())
  File "/Applications/PyCharm.app/Contents/plugins/python/helpers-pro/pydevd_asyncio/pydevd_nest_asyncio.py", line 138, in run
    return loop.run_until_complete(task)
  File "/Applications/PyCharm.app/Contents/plugins/python/helpers-pro/pydevd_asyncio/pydevd_nest_asyncio.py", line 234, in run_until_complete
    self._run_once()
  File "/Applications/PyCharm.app/Contents/plugins/python/helpers-pro/pydevd_asyncio/pydevd_nest_asyncio.py", line 286, in _run_once
    handle._run()
  File "/Library/Frameworks/Python.framework/Versions/3.10/lib/python3.10/asyncio/events.py", line 80, in _run
    self._context.run(self._callback, *self._args)
  File "/Applications/PyCharm.app/Contents/plugins/python/helpers-pro/pydevd_asyncio/pydevd_nest_asyncio.py", line 395, in step
    step_orig(task, exc)
  File "/Library/Frameworks/Python.framework/Versions/3.10/lib/python3.10/asyncio/tasks.py", line 232, in __step
    result = coro.send(None)
  File "/Users/luist/delivery/luis-testing/embebedings/main.py", line 46, in main
    model_manager.add_items(source_doc_chunks, model_name)
  File "/Users/luist/delivery/luis-testing/embebedings/src/model_manager.py", line 64, in add_items
    # embeddings = self.get_embedding(text_chunks, model_name)
  File "/Users/luist/delivery/luis-testing/embebedings/src/model_manager.py", line 64, in add_items
    # embeddings = self.get_embedding(text_chunks, model_name)
  File "_pydevd_bundle/pydevd_cython_darwin_310_64.pyx", line 1187, in _pydevd_bundle.pydevd_cython_darwin_310_64.SafeCallWrapper.__call__
  File "_pydevd_bundle/pydevd_cython_darwin_310_64.pyx", line 627, in _pydevd_bundle.pydevd_cython_darwin_310_64.PyDBFrame.trace_dispatch
  File "_pydevd_bundle/pydevd_cython_darwin_310_64.pyx", line 1103, in _pydevd_bundle.pydevd_cython_darwin_310_64.PyDBFrame.trace_dispatch
  File "_pydevd_bundle/pydevd_cython_darwin_310_64.pyx", line 1065, in _pydevd_bundle.pydevd_cython_darwin_310_64.PyDBFrame.trace_dispatch
  File "_pydevd_bundle/pydevd_cython_darwin_310_64.pyx", line 585, in _pydevd_bundle.pydevd_cython_darwin_310_64.PyDBFrame.do_wait_suspend
  File "/Applications/PyCharm.app/Contents/plugins/python/helpers/pydev/pydevd.py", line 1201, in do_wait_suspend
    self._do_wait_suspend(thread, frame, event, arg, suspend_type, from_this_thread)
  File "/Applications/PyCharm.app/Contents/plugins/python/helpers/pydev/pydevd.py", line 1216, in _do_wait_suspend
    time.sleep(0.01)
KeyboardInterrupt
2024-10-12 16:57:46,045 - INFO - Fetched document from https://arxiv.org/html/2408.17024v1
2024-10-12 16:57:46,160 - INFO - Document fetched with length: 69316 characters.
2024-10-12 16:57:46,312 - INFO - Testing main model: nomic-embed-text
2024-10-12 17:00:26,910 - ERROR - Task exception was never retrieved
future: <Task finished name='Task-1' coro=<main() done, defined at /Users/luist/delivery/luis-testing/embebedings/main.py:18> exception=KeyboardInterrupt()>
Traceback (most recent call last):
  File "/Applications/PyCharm.app/Contents/plugins/python/helpers/pydev/pydevd.py", line 2252, in <module>
    main()
  File "/Applications/PyCharm.app/Contents/plugins/python/helpers/pydev/pydevd.py", line 2234, in main
    globals = debugger.run(setup['file'], None, None, is_module)
  File "/Applications/PyCharm.app/Contents/plugins/python/helpers/pydev/pydevd.py", line 1544, in run
    return self._exec(is_module, entry_point_fn, module_name, file, globals, locals)
  File "/Applications/PyCharm.app/Contents/plugins/python/helpers/pydev/pydevd.py", line 1551, in _exec
    pydev_imports.execfile(file, globals, locals)  # execute the script
  File "/Applications/PyCharm.app/Contents/plugins/python/helpers/pydev/_pydev_imps/_pydev_execfile.py", line 18, in execfile
    exec(compile(contents+"\n", file, 'exec'), glob, loc)
  File "/Users/luist/delivery/luis-testing/embebedings/main.py", line 68, in <module>
    asyncio.run(main())
  File "/Applications/PyCharm.app/Contents/plugins/python/helpers-pro/pydevd_asyncio/pydevd_nest_asyncio.py", line 138, in run
    return loop.run_until_complete(task)
  File "/Applications/PyCharm.app/Contents/plugins/python/helpers-pro/pydevd_asyncio/pydevd_nest_asyncio.py", line 234, in run_until_complete
    self._run_once()
  File "/Applications/PyCharm.app/Contents/plugins/python/helpers-pro/pydevd_asyncio/pydevd_nest_asyncio.py", line 286, in _run_once
    handle._run()
  File "/Library/Frameworks/Python.framework/Versions/3.10/lib/python3.10/asyncio/events.py", line 80, in _run
    self._context.run(self._callback, *self._args)
  File "/Applications/PyCharm.app/Contents/plugins/python/helpers-pro/pydevd_asyncio/pydevd_nest_asyncio.py", line 395, in step
    step_orig(task, exc)
  File "/Library/Frameworks/Python.framework/Versions/3.10/lib/python3.10/asyncio/tasks.py", line 232, in __step
    result = coro.send(None)
  File "/Users/luist/delivery/luis-testing/embebedings/main.py", line 46, in main
    model_manager.add_items(source_doc_chunks, model_name)
  File "/Users/luist/delivery/luis-testing/embebedings/src/model_manager.py", line 61, in add_items
    embedding = self.get_embedding(text_chunks, model_name)  # Pass each chunk individually
  File "/Users/luist/delivery/luis-testing/embebedings/src/model_manager.py", line 37, in get_embedding
    return embedding['embeddings']
  File "/Users/luist/delivery/luis-testing/embebedings/src/model_manager.py", line 37, in get_embedding
    return embedding['embeddings']
  File "_pydevd_bundle/pydevd_cython_darwin_310_64.pyx", line 1597, in _pydevd_bundle.pydevd_cython_darwin_310_64.ThreadTracer.__call__
  File "_pydevd_bundle/pydevd_cython_darwin_310_64.pyx", line 937, in _pydevd_bundle.pydevd_cython_darwin_310_64.PyDBFrame.trace_dispatch
  File "_pydevd_bundle/pydevd_cython_darwin_310_64.pyx", line 928, in _pydevd_bundle.pydevd_cython_darwin_310_64.PyDBFrame.trace_dispatch
  File "_pydevd_bundle/pydevd_cython_darwin_310_64.pyx", line 585, in _pydevd_bundle.pydevd_cython_darwin_310_64.PyDBFrame.do_wait_suspend
  File "/Applications/PyCharm.app/Contents/plugins/python/helpers/pydev/pydevd.py", line 1201, in do_wait_suspend
    self._do_wait_suspend(thread, frame, event, arg, suspend_type, from_this_thread)
  File "/Applications/PyCharm.app/Contents/plugins/python/helpers/pydev/pydevd.py", line 1216, in _do_wait_suspend
    time.sleep(0.01)
KeyboardInterrupt
2024-10-12 17:00:29,923 - INFO - Fetched document from https://arxiv.org/html/2408.17024v1
2024-10-12 17:00:30,023 - INFO - Document fetched with length: 69316 characters.
2024-10-12 17:00:30,138 - INFO - Testing main model: nomic-embed-text
2024-10-12 17:00:59,429 - ERROR - Task exception was never retrieved
future: <Task finished name='Task-1' coro=<main() done, defined at /Users/luist/delivery/luis-testing/embebedings/main.py:18> exception=KeyboardInterrupt()>
Traceback (most recent call last):
  File "/Applications/PyCharm.app/Contents/plugins/python/helpers/pydev/pydevd.py", line 2252, in <module>
    main()
  File "/Applications/PyCharm.app/Contents/plugins/python/helpers/pydev/pydevd.py", line 2234, in main
    globals = debugger.run(setup['file'], None, None, is_module)
  File "/Applications/PyCharm.app/Contents/plugins/python/helpers/pydev/pydevd.py", line 1544, in run
    return self._exec(is_module, entry_point_fn, module_name, file, globals, locals)
  File "/Applications/PyCharm.app/Contents/plugins/python/helpers/pydev/pydevd.py", line 1551, in _exec
    pydev_imports.execfile(file, globals, locals)  # execute the script
  File "/Applications/PyCharm.app/Contents/plugins/python/helpers/pydev/_pydev_imps/_pydev_execfile.py", line 18, in execfile
    exec(compile(contents+"\n", file, 'exec'), glob, loc)
  File "/Users/luist/delivery/luis-testing/embebedings/main.py", line 68, in <module>
    asyncio.run(main())
  File "/Applications/PyCharm.app/Contents/plugins/python/helpers-pro/pydevd_asyncio/pydevd_nest_asyncio.py", line 138, in run
    return loop.run_until_complete(task)
  File "/Applications/PyCharm.app/Contents/plugins/python/helpers-pro/pydevd_asyncio/pydevd_nest_asyncio.py", line 234, in run_until_complete
    self._run_once()
  File "/Applications/PyCharm.app/Contents/plugins/python/helpers-pro/pydevd_asyncio/pydevd_nest_asyncio.py", line 286, in _run_once
    handle._run()
  File "/Library/Frameworks/Python.framework/Versions/3.10/lib/python3.10/asyncio/events.py", line 80, in _run
    self._context.run(self._callback, *self._args)
  File "/Applications/PyCharm.app/Contents/plugins/python/helpers-pro/pydevd_asyncio/pydevd_nest_asyncio.py", line 395, in step
    step_orig(task, exc)
  File "/Library/Frameworks/Python.framework/Versions/3.10/lib/python3.10/asyncio/tasks.py", line 232, in __step
    result = coro.send(None)
  File "/Users/luist/delivery/luis-testing/embebedings/main.py", line 46, in main
    model_manager.add_items(source_doc_chunks, model_name)
  File "/Users/luist/delivery/luis-testing/embebedings/src/model_manager.py", line 61, in add_items
    embeddings = self.get_embedding(text_chunks, model_name)  # Pass each chunk individually
  File "/Users/luist/delivery/luis-testing/embebedings/src/model_manager.py", line 37, in get_embedding
    return embedding['embeddings']
  File "_pydevd_bundle/pydevd_cython_darwin_310_64.pyx", line 1187, in _pydevd_bundle.pydevd_cython_darwin_310_64.SafeCallWrapper.__call__
  File "_pydevd_bundle/pydevd_cython_darwin_310_64.pyx", line 627, in _pydevd_bundle.pydevd_cython_darwin_310_64.PyDBFrame.trace_dispatch
  File "_pydevd_bundle/pydevd_cython_darwin_310_64.pyx", line 1103, in _pydevd_bundle.pydevd_cython_darwin_310_64.PyDBFrame.trace_dispatch
  File "_pydevd_bundle/pydevd_cython_darwin_310_64.pyx", line 1096, in _pydevd_bundle.pydevd_cython_darwin_310_64.PyDBFrame.trace_dispatch
  File "_pydevd_bundle/pydevd_cython_darwin_310_64.pyx", line 585, in _pydevd_bundle.pydevd_cython_darwin_310_64.PyDBFrame.do_wait_suspend
  File "/Applications/PyCharm.app/Contents/plugins/python/helpers/pydev/pydevd.py", line 1201, in do_wait_suspend
    self._do_wait_suspend(thread, frame, event, arg, suspend_type, from_this_thread)
  File "/Applications/PyCharm.app/Contents/plugins/python/helpers/pydev/pydevd.py", line 1216, in _do_wait_suspend
    time.sleep(0.01)
KeyboardInterrupt
2024-10-12 17:01:02,139 - INFO - Fetched document from https://arxiv.org/html/2408.17024v1
2024-10-12 17:01:02,242 - INFO - Document fetched with length: 69316 characters.
2024-10-12 17:01:02,356 - INFO - Testing main model: nomic-embed-text
2024-10-12 17:07:36,238 - ERROR - Task exception was never retrieved
future: <Task finished name='Task-1' coro=<main() done, defined at /Users/luist/delivery/luis-testing/embebedings/main.py:18> exception=KeyboardInterrupt()>
Traceback (most recent call last):
  File "/Applications/PyCharm.app/Contents/plugins/python/helpers/pydev/pydevd.py", line 2252, in <module>
    main()
  File "/Applications/PyCharm.app/Contents/plugins/python/helpers/pydev/pydevd.py", line 2234, in main
    globals = debugger.run(setup['file'], None, None, is_module)
  File "/Applications/PyCharm.app/Contents/plugins/python/helpers/pydev/pydevd.py", line 1544, in run
    return self._exec(is_module, entry_point_fn, module_name, file, globals, locals)
  File "/Applications/PyCharm.app/Contents/plugins/python/helpers/pydev/pydevd.py", line 1551, in _exec
    pydev_imports.execfile(file, globals, locals)  # execute the script
  File "/Applications/PyCharm.app/Contents/plugins/python/helpers/pydev/_pydev_imps/_pydev_execfile.py", line 18, in execfile
    exec(compile(contents+"\n", file, 'exec'), glob, loc)
  File "/Users/luist/delivery/luis-testing/embebedings/main.py", line 68, in <module>
    asyncio.run(main())
  File "/Applications/PyCharm.app/Contents/plugins/python/helpers-pro/pydevd_asyncio/pydevd_nest_asyncio.py", line 138, in run
    return loop.run_until_complete(task)
  File "/Applications/PyCharm.app/Contents/plugins/python/helpers-pro/pydevd_asyncio/pydevd_nest_asyncio.py", line 234, in run_until_complete
    self._run_once()
  File "/Applications/PyCharm.app/Contents/plugins/python/helpers-pro/pydevd_asyncio/pydevd_nest_asyncio.py", line 286, in _run_once
    handle._run()
  File "/Library/Frameworks/Python.framework/Versions/3.10/lib/python3.10/asyncio/events.py", line 80, in _run
    self._context.run(self._callback, *self._args)
  File "/Applications/PyCharm.app/Contents/plugins/python/helpers-pro/pydevd_asyncio/pydevd_nest_asyncio.py", line 395, in step
    step_orig(task, exc)
  File "/Library/Frameworks/Python.framework/Versions/3.10/lib/python3.10/asyncio/tasks.py", line 232, in __step
    result = coro.send(None)
  File "/Users/luist/delivery/luis-testing/embebedings/main.py", line 46, in main
    model_manager.add_items(source_doc_chunks, model_name)
  File "/Users/luist/delivery/luis-testing/embebedings/src/model_manager.py", line 65, in add_items
    for i, (chunk, embedding) in enumerate(zip(text_chunks, embeddings)):
  File "/Users/luist/delivery/luis-testing/embebedings/src/model_manager.py", line 65, in add_items
    for i, (chunk, embedding) in enumerate(zip(text_chunks, embeddings)):
  File "_pydevd_bundle/pydevd_cython_darwin_310_64.pyx", line 1597, in _pydevd_bundle.pydevd_cython_darwin_310_64.ThreadTracer.__call__
  File "_pydevd_bundle/pydevd_cython_darwin_310_64.pyx", line 937, in _pydevd_bundle.pydevd_cython_darwin_310_64.PyDBFrame.trace_dispatch
  File "_pydevd_bundle/pydevd_cython_darwin_310_64.pyx", line 928, in _pydevd_bundle.pydevd_cython_darwin_310_64.PyDBFrame.trace_dispatch
  File "_pydevd_bundle/pydevd_cython_darwin_310_64.pyx", line 585, in _pydevd_bundle.pydevd_cython_darwin_310_64.PyDBFrame.do_wait_suspend
  File "/Applications/PyCharm.app/Contents/plugins/python/helpers/pydev/pydevd.py", line 1201, in do_wait_suspend
    self._do_wait_suspend(thread, frame, event, arg, suspend_type, from_this_thread)
  File "/Applications/PyCharm.app/Contents/plugins/python/helpers/pydev/pydevd.py", line 1216, in _do_wait_suspend
    time.sleep(0.01)
KeyboardInterrupt
2024-10-12 17:07:46,989 - INFO - Fetched document from https://arxiv.org/html/2408.17024v1
2024-10-12 17:07:47,098 - INFO - Document fetched with length: 69316 characters.
2024-10-12 17:07:47,224 - INFO - Testing main model: nomic-embed-text
2024-10-12 17:09:07,032 - INFO - Items added to index for model: nomic-embed-text
2024-10-12 17:09:15,186 - INFO - Items added to index for model: mxbai-embed-large
2024-10-12 17:09:23,132 - ERROR - Task exception was never retrieved
future: <Task finished name='Task-1' coro=<main() done, defined at /Users/luist/delivery/luis-testing/embebedings/main.py:18> exception=KeyboardInterrupt()>
Traceback (most recent call last):
  File "/Applications/PyCharm.app/Contents/plugins/python/helpers/pydev/pydevd.py", line 2252, in <module>
    main()
  File "/Applications/PyCharm.app/Contents/plugins/python/helpers/pydev/pydevd.py", line 2234, in main
    globals = debugger.run(setup['file'], None, None, is_module)
  File "/Applications/PyCharm.app/Contents/plugins/python/helpers/pydev/pydevd.py", line 1544, in run
    return self._exec(is_module, entry_point_fn, module_name, file, globals, locals)
  File "/Applications/PyCharm.app/Contents/plugins/python/helpers/pydev/pydevd.py", line 1551, in _exec
    pydev_imports.execfile(file, globals, locals)  # execute the script
  File "/Applications/PyCharm.app/Contents/plugins/python/helpers/pydev/_pydev_imps/_pydev_execfile.py", line 18, in execfile
    exec(compile(contents+"\n", file, 'exec'), glob, loc)
  File "/Users/luist/delivery/luis-testing/embebedings/main.py", line 68, in <module>
    asyncio.run(main())
  File "/Applications/PyCharm.app/Contents/plugins/python/helpers-pro/pydevd_asyncio/pydevd_nest_asyncio.py", line 138, in run
    return loop.run_until_complete(task)
  File "/Applications/PyCharm.app/Contents/plugins/python/helpers-pro/pydevd_asyncio/pydevd_nest_asyncio.py", line 234, in run_until_complete
    self._run_once()
  File "/Applications/PyCharm.app/Contents/plugins/python/helpers-pro/pydevd_asyncio/pydevd_nest_asyncio.py", line 286, in _run_once
    handle._run()
  File "/Library/Frameworks/Python.framework/Versions/3.10/lib/python3.10/asyncio/events.py", line 80, in _run
    self._context.run(self._callback, *self._args)
  File "/Applications/PyCharm.app/Contents/plugins/python/helpers-pro/pydevd_asyncio/pydevd_nest_asyncio.py", line 395, in step
    step_orig(task, exc)
  File "/Library/Frameworks/Python.framework/Versions/3.10/lib/python3.10/asyncio/tasks.py", line 232, in __step
    result = coro.send(None)
  File "/Users/luist/delivery/luis-testing/embebedings/main.py", line 46, in main
    model_manager.add_items(source_doc_chunks, model_name)
  File "/Users/luist/delivery/luis-testing/embebedings/src/model_manager.py", line 68, in add_items
    for i, (chunk, embedding) in enumerate(zip(text_chunks, embeddings)):
  File "/Users/luist/delivery/luis-testing/embebedings/src/model_manager.py", line 68, in add_items
    for i, (chunk, embedding) in enumerate(zip(text_chunks, embeddings)):
  File "_pydevd_bundle/pydevd_cython_darwin_310_64.pyx", line 1187, in _pydevd_bundle.pydevd_cython_darwin_310_64.SafeCallWrapper.__call__
  File "_pydevd_bundle/pydevd_cython_darwin_310_64.pyx", line 627, in _pydevd_bundle.pydevd_cython_darwin_310_64.PyDBFrame.trace_dispatch
  File "_pydevd_bundle/pydevd_cython_darwin_310_64.pyx", line 937, in _pydevd_bundle.pydevd_cython_darwin_310_64.PyDBFrame.trace_dispatch
  File "_pydevd_bundle/pydevd_cython_darwin_310_64.pyx", line 928, in _pydevd_bundle.pydevd_cython_darwin_310_64.PyDBFrame.trace_dispatch
  File "_pydevd_bundle/pydevd_cython_darwin_310_64.pyx", line 585, in _pydevd_bundle.pydevd_cython_darwin_310_64.PyDBFrame.do_wait_suspend
  File "/Applications/PyCharm.app/Contents/plugins/python/helpers/pydev/pydevd.py", line 1201, in do_wait_suspend
    self._do_wait_suspend(thread, frame, event, arg, suspend_type, from_this_thread)
  File "/Applications/PyCharm.app/Contents/plugins/python/helpers/pydev/pydevd.py", line 1216, in _do_wait_suspend
    time.sleep(0.01)
KeyboardInterrupt
2024-10-12 17:09:29,288 - INFO - Fetched document from https://arxiv.org/html/2408.17024v1
2024-10-12 17:09:29,351 - INFO - Document fetched with length: 69316 characters.
2024-10-12 17:09:29,441 - INFO - Testing main model: nomic-embed-text
2024-10-12 17:09:30,638 - INFO - Items added to index for model: nomic-embed-text
2024-10-12 17:09:31,039 - INFO - Items added to index for model: mxbai-embed-large
2024-10-12 17:09:31,114 - INFO - Items added to index for model: all-minilm
2024-10-12 17:09:32,422 - INFO - Items added to index for model: snowflake-arctic-embed
2024-10-12 17:09:37,501 - INFO - Items added to index for model: bge-m3
2024-10-12 17:09:38,572 - INFO - Items added to index for model: bge-large
2024-10-12 17:10:02,510 - INFO - Items added to index for model: llama3.1
2024-10-12 17:10:14,648 - INFO - Items added to index for model: llama3.2
2024-10-12 17:10:14,649 - INFO - Testing completed for main model: nomic-embed-text
2024-10-12 17:10:14,649 - INFO - Testing main model: mxbai-embed-large
2024-10-12 17:10:16,355 - INFO - Items added to index for model: nomic-embed-text
2024-10-12 17:10:17,276 - INFO - Items added to index for model: mxbai-embed-large
2024-10-12 17:10:17,359 - INFO - Items added to index for model: all-minilm
2024-10-12 17:10:18,364 - INFO - Items added to index for model: snowflake-arctic-embed
2024-10-12 17:10:23,394 - INFO - Items added to index for model: bge-m3
2024-10-12 17:10:24,681 - INFO - Items added to index for model: bge-large
2024-10-12 17:10:48,539 - INFO - Items added to index for model: llama3.1
2024-10-12 17:11:00,769 - INFO - Items added to index for model: llama3.2
2024-10-12 17:11:00,771 - INFO - Testing completed for main model: mxbai-embed-large
2024-10-12 17:11:00,771 - INFO - Testing main model: all-minilm
2024-10-12 17:11:02,208 - INFO - Items added to index for model: nomic-embed-text
2024-10-12 17:11:03,147 - INFO - Items added to index for model: mxbai-embed-large
2024-10-12 17:11:03,584 - INFO - Items added to index for model: all-minilm
2024-10-12 17:11:04,348 - INFO - Items added to index for model: snowflake-arctic-embed
2024-10-12 17:11:09,816 - INFO - Items added to index for model: bge-m3
2024-10-12 17:11:11,092 - INFO - Items added to index for model: bge-large
2024-10-12 17:11:35,067 - INFO - Items added to index for model: llama3.1
2024-10-12 17:11:46,511 - INFO - Items added to index for model: llama3.2
2024-10-12 17:11:46,512 - INFO - Testing completed for main model: all-minilm
2024-10-12 17:11:46,512 - INFO - Testing main model: snowflake-arctic-embed
2024-10-12 17:11:47,941 - INFO - Items added to index for model: nomic-embed-text
2024-10-12 17:11:48,903 - INFO - Items added to index for model: mxbai-embed-large
2024-10-12 17:11:49,315 - INFO - Items added to index for model: all-minilm
2024-10-12 17:11:50,100 - INFO - Items added to index for model: snowflake-arctic-embed
2024-10-12 17:11:55,126 - INFO - Items added to index for model: bge-m3
2024-10-12 17:11:56,137 - INFO - Items added to index for model: bge-large
2024-10-12 17:12:19,101 - INFO - Items added to index for model: llama3.1
2024-10-12 17:12:30,809 - INFO - Items added to index for model: llama3.2
2024-10-12 17:12:30,810 - INFO - Testing completed for main model: snowflake-arctic-embed
2024-10-12 17:12:30,810 - INFO - Testing main model: bge-m3
2024-10-12 17:12:32,237 - INFO - Items added to index for model: nomic-embed-text
2024-10-12 17:12:32,901 - INFO - Items added to index for model: mxbai-embed-large
2024-10-12 17:12:33,307 - INFO - Items added to index for model: all-minilm
2024-10-12 17:12:34,326 - INFO - Items added to index for model: snowflake-arctic-embed
2024-10-12 17:12:38,672 - INFO - Items added to index for model: bge-m3
2024-10-12 17:12:39,687 - INFO - Items added to index for model: bge-large
2024-10-12 17:13:02,750 - INFO - Items added to index for model: llama3.1
2024-10-12 17:13:14,512 - INFO - Items added to index for model: llama3.2
2024-10-12 17:13:14,512 - INFO - Testing completed for main model: bge-m3
2024-10-12 17:13:14,512 - INFO - Testing main model: bge-large
2024-10-12 17:13:15,954 - INFO - Items added to index for model: nomic-embed-text
2024-10-12 17:13:16,653 - INFO - Items added to index for model: mxbai-embed-large
2024-10-12 17:13:17,057 - INFO - Items added to index for model: all-minilm
2024-10-12 17:13:17,854 - INFO - Items added to index for model: snowflake-arctic-embed
2024-10-12 17:13:23,046 - INFO - Items added to index for model: bge-m3
2024-10-12 17:13:23,786 - INFO - Items added to index for model: bge-large
2024-10-12 17:13:46,935 - INFO - Items added to index for model: llama3.1
2024-10-12 17:13:58,648 - INFO - Items added to index for model: llama3.2
2024-10-12 17:13:58,649 - INFO - Testing completed for main model: bge-large
2024-10-12 17:13:58,649 - INFO - Testing main model: llama3.1
2024-10-12 17:14:00,076 - INFO - Items added to index for model: nomic-embed-text
2024-10-12 17:14:00,750 - INFO - Items added to index for model: mxbai-embed-large
2024-10-12 17:14:01,170 - INFO - Items added to index for model: all-minilm
2024-10-12 17:14:01,974 - INFO - Items added to index for model: snowflake-arctic-embed
2024-10-12 17:14:06,870 - INFO - Items added to index for model: bge-m3
2024-10-12 17:14:07,620 - INFO - Items added to index for model: bge-large
2024-10-12 17:14:32,538 - INFO - Items added to index for model: llama3.1
2024-10-12 17:14:44,666 - INFO - Items added to index for model: llama3.2
2024-10-12 17:14:44,666 - INFO - Testing completed for main model: llama3.1
2024-10-12 17:14:44,666 - INFO - Testing main model: llama3.2
2024-10-12 17:14:47,624 - INFO - Fetched document from https://arxiv.org/html/2408.17024v1
2024-10-12 17:14:47,676 - INFO - Document fetched with length: 69316 characters.
2024-10-12 17:14:47,763 - INFO - Testing main model: nomic-embed-text
2024-10-12 17:14:48,980 - INFO - Items added to index for model: nomic-embed-text
2024-10-12 17:14:49,927 - INFO - Items added to index for model: mxbai-embed-large
2024-10-12 17:14:49,928 - INFO - Testing completed for main model: nomic-embed-text
2024-10-12 17:14:49,928 - INFO - Testing main model: mxbai-embed-large
2024-10-12 17:14:51,053 - INFO - Items added to index for model: nomic-embed-text
2024-10-12 17:14:51,427 - INFO - Items added to index for model: mxbai-embed-large
2024-10-12 17:14:51,427 - INFO - Testing completed for main model: mxbai-embed-large
2024-10-13 07:50:58,917 - INFO - Fetched document from https://arxiv.org/html/2408.17024v1
2024-10-13 07:50:58,968 - INFO - Document fetched with length: 69316 characters.
2024-10-13 07:50:59,091 - INFO - Testing main model: nomic-embed-text
2024-10-13 07:51:00,581 - INFO - Items added to index for model: nomic-embed-text
2024-10-13 07:51:52,181 - INFO - Fetched document from https://arxiv.org/html/2408.17024v1
2024-10-13 07:51:52,220 - INFO - Document fetched with length: 69316 characters.
2024-10-13 07:51:52,315 - INFO - Testing main model: nomic-embed-text
2024-10-13 07:51:53,529 - INFO - Items added to index for model: nomic-embed-text
2024-10-13 07:51:54,468 - INFO - Items added to index for model: mxbai-embed-large
2024-10-13 07:51:54,469 - INFO - Testing completed for main model: nomic-embed-text
2024-10-13 07:51:54,470 - INFO - Testing main model: mxbai-embed-large
2024-10-13 07:51:55,601 - INFO - Items added to index for model: nomic-embed-text
2024-10-13 07:51:56,002 - INFO - Items added to index for model: mxbai-embed-large
2024-10-13 07:51:56,007 - INFO - Testing completed for main model: mxbai-embed-large
2024-10-13 07:53:48,561 - INFO - Fetched document from https://arxiv.org/html/2408.17024v1
2024-10-13 07:53:48,624 - INFO - Document fetched with length: 69316 characters.
2024-10-13 07:53:48,723 - INFO - Testing main model: nomic-embed-text
2024-10-13 07:53:49,912 - INFO - Items added to index for model: nomic-embed-text
2024-10-13 07:53:50,328 - INFO - Items added to index for model: mxbai-embed-large
2024-10-13 07:53:50,335 - INFO - Testing completed for main model: nomic-embed-text
2024-10-13 07:53:50,335 - INFO - Testing main model: mxbai-embed-large
2024-10-13 07:53:51,455 - INFO - Items added to index for model: nomic-embed-text
2024-10-13 07:53:51,851 - INFO - Items added to index for model: mxbai-embed-large
2024-10-13 07:53:51,852 - INFO - Testing completed for main model: mxbai-embed-large
2024-10-13 07:56:29,321 - INFO - Fetched document from https://arxiv.org/html/2408.17024v1
2024-10-13 07:56:29,365 - INFO - Document fetched with length: 69316 characters.
2024-10-13 07:56:29,442 - INFO - Testing main model: nomic-embed-text
2024-10-13 07:56:30,633 - INFO - Items added to index for model: nomic-embed-text
2024-10-13 07:56:31,067 - INFO - Items added to index for model: mxbai-embed-large
2024-10-13 07:56:31,070 - INFO - Testing completed for main model: nomic-embed-text
2024-10-13 07:56:31,071 - INFO - Testing main model: mxbai-embed-large
2024-10-13 07:56:32,203 - INFO - Items added to index for model: nomic-embed-text
2024-10-13 07:56:32,590 - INFO - Items added to index for model: mxbai-embed-large
2024-10-13 07:56:32,593 - INFO - Testing completed for main model: mxbai-embed-large
2024-10-13 08:00:25,637 - INFO - Fetched document from https://arxiv.org/html/2408.17024v1
2024-10-13 08:00:25,689 - INFO - Document fetched with length: 69316 characters.
2024-10-13 08:00:25,772 - INFO - Testing main model: nomic-embed-text
2024-10-13 08:00:26,957 - INFO - Items added to index for model: nomic-embed-text
2024-10-13 08:00:27,363 - INFO - Items added to index for model: mxbai-embed-large
2024-10-13 08:00:27,366 - INFO - Testing completed for main model: nomic-embed-text
2024-10-13 08:00:27,366 - INFO - Testing main model: mxbai-embed-large
2024-10-13 08:00:28,509 - INFO - Items added to index for model: nomic-embed-text
2024-10-13 08:00:28,906 - INFO - Items added to index for model: mxbai-embed-large
2024-10-13 08:00:28,909 - INFO - Testing completed for main model: mxbai-embed-large
2024-10-13 08:07:58,766 - INFO - Fetched document from https://arxiv.org/html/2408.17024v1
2024-10-13 08:07:58,829 - INFO - Document fetched with length: 69316 characters.
2024-10-13 08:07:58,939 - INFO - Testing main model: nomic-embed-text
2024-10-13 08:08:00,637 - INFO - Items added to index for model: nomic-embed-text
2024-10-13 08:08:01,560 - INFO - Items added to index for model: mxbai-embed-large
2024-10-13 08:08:01,563 - INFO - Testing completed for main model: nomic-embed-text
2024-10-13 08:08:01,563 - INFO - Testing main model: mxbai-embed-large
2024-10-13 08:08:02,683 - INFO - Items added to index for model: nomic-embed-text
2024-10-13 08:08:03,052 - INFO - Items added to index for model: mxbai-embed-large
2024-10-13 08:08:03,057 - INFO - Testing completed for main model: mxbai-embed-large
2024-10-13 08:08:53,579 - INFO - Fetched document from https://arxiv.org/html/2408.17024v1
2024-10-13 08:08:53,632 - INFO - Document fetched with length: 69316 characters.
2024-10-13 08:08:53,716 - INFO - Testing main model: nomic-embed-text
2024-10-13 08:08:54,893 - INFO - Items added to index for model: nomic-embed-text
2024-10-13 08:08:55,297 - INFO - Items added to index for model: mxbai-embed-large
2024-10-13 08:08:55,300 - INFO - Testing completed for main model: nomic-embed-text
2024-10-13 08:08:55,301 - INFO - Testing main model: mxbai-embed-large
2024-10-13 08:08:56,432 - INFO - Items added to index for model: nomic-embed-text
2024-10-13 08:08:56,806 - INFO - Items added to index for model: mxbai-embed-large
2024-10-13 08:08:56,813 - INFO - Testing completed for main model: mxbai-embed-large
2024-10-13 08:14:02,158 - INFO - Fetched document from https://arxiv.org/html/2408.17024v1
2024-10-13 08:14:02,201 - INFO - Document fetched with length: 69316 characters.
2024-10-13 08:14:02,283 - INFO - Testing main model: nomic-embed-text
2024-10-13 08:14:03,691 - INFO - Items added to index for model: nomic-embed-text
2024-10-13 08:14:04,337 - INFO - Items added to index for model: mxbai-embed-large
2024-10-13 08:14:04,341 - INFO - Testing completed for main model: nomic-embed-text
2024-10-13 08:14:04,341 - INFO - Testing main model: mxbai-embed-large
2024-10-13 08:14:05,453 - INFO - Items added to index for model: nomic-embed-text
2024-10-13 08:14:05,852 - INFO - Items added to index for model: mxbai-embed-large
2024-10-13 08:14:05,855 - INFO - Testing completed for main model: mxbai-embed-large
2024-10-13 08:14:56,165 - INFO - Fetched document from https://arxiv.org/html/2408.17024v1
2024-10-13 08:14:56,214 - INFO - Document fetched with length: 69316 characters.
2024-10-13 08:14:56,301 - INFO - Testing main model: nomic-embed-text
2024-10-13 08:14:57,491 - INFO - Items added to index for model: nomic-embed-text
2024-10-13 08:14:57,894 - INFO - Items added to index for model: mxbai-embed-large
2024-10-13 08:14:57,897 - INFO - Testing completed for main model: nomic-embed-text
2024-10-13 08:14:57,897 - INFO - Testing main model: mxbai-embed-large
2024-10-13 08:14:59,026 - INFO - Items added to index for model: nomic-embed-text
2024-10-13 08:14:59,423 - INFO - Items added to index for model: mxbai-embed-large
2024-10-13 08:14:59,424 - INFO - Testing completed for main model: mxbai-embed-large
2024-10-13 08:19:20,575 - INFO - Fetched document from https://arxiv.org/html/2408.17024v1
2024-10-13 08:19:20,620 - INFO - Document fetched with length: 69316 characters.
2024-10-13 08:19:20,698 - INFO - Testing main model: nomic-embed-text
2024-10-13 08:19:21,892 - INFO - Items added to index for model: nomic-embed-text
2024-10-13 08:19:22,318 - INFO - Items added to index for model: mxbai-embed-large
2024-10-13 08:19:22,323 - INFO - Testing completed for main model: nomic-embed-text
2024-10-13 08:19:22,323 - INFO - Testing main model: mxbai-embed-large
2024-10-13 08:19:23,450 - INFO - Items added to index for model: nomic-embed-text
2024-10-13 08:19:23,850 - INFO - Items added to index for model: mxbai-embed-large
2024-10-13 08:19:23,854 - INFO - Testing completed for main model: mxbai-embed-large
2024-10-13 08:21:02,571 - INFO - Fetched document from https://arxiv.org/html/2408.17024v1
2024-10-13 08:21:02,615 - INFO - Document fetched with length: 69316 characters.
2024-10-13 08:21:02,696 - INFO - Testing main model: nomic-embed-text
2024-10-13 08:21:03,897 - INFO - Items added to index for model: nomic-embed-text
2024-10-13 08:21:04,311 - INFO - Items added to index for model: mxbai-embed-large
2024-10-13 08:21:04,313 - INFO - Testing completed for main model: nomic-embed-text
2024-10-13 08:21:04,313 - INFO - Testing main model: mxbai-embed-large
2024-10-13 08:21:05,443 - INFO - Items added to index for model: nomic-embed-text
2024-10-13 08:21:05,823 - INFO - Items added to index for model: mxbai-embed-large
2024-10-13 08:21:05,825 - INFO - Testing completed for main model: mxbai-embed-large
2024-10-13 08:22:42,467 - INFO - Fetched document from https://arxiv.org/html/2408.17024v1
2024-10-13 08:22:42,530 - INFO - Document fetched with length: 69316 characters.
2024-10-13 08:22:42,618 - INFO - Testing main model: nomic-embed-text
2024-10-13 08:22:43,802 - INFO - Items added to index for model: nomic-embed-text
2024-10-13 08:22:44,213 - INFO - Items added to index for model: mxbai-embed-large
2024-10-13 08:22:44,217 - INFO - Testing completed for main model: nomic-embed-text
2024-10-13 08:22:44,217 - INFO - Testing main model: mxbai-embed-large
2024-10-13 08:22:45,345 - INFO - Items added to index for model: nomic-embed-text
2024-10-13 08:22:45,713 - INFO - Items added to index for model: mxbai-embed-large
2024-10-13 08:22:45,716 - INFO - Testing completed for main model: mxbai-embed-large
2024-10-13 22:59:35,730 - INFO - Fetched document from https://arxiv.org/html/2408.17024v1
2024-10-13 22:59:35,795 - INFO - Document fetched with length: 69316 characters.
2024-10-13 22:59:35,918 - INFO - Testing main model: nomic-embed-text
2024-10-13 22:59:37,648 - INFO - Items added to index for model: nomic-embed-text
2024-10-13 22:59:38,610 - INFO - Items added to index for model: mxbai-embed-large
2024-10-13 22:59:38,614 - INFO - Testing completed for main model: nomic-embed-text
2024-10-13 22:59:38,614 - INFO - Testing main model: mxbai-embed-large
2024-10-13 22:59:39,732 - INFO - Items added to index for model: nomic-embed-text
2024-10-13 22:59:40,101 - INFO - Items added to index for model: mxbai-embed-large
2024-10-13 22:59:40,102 - INFO - Testing completed for main model: mxbai-embed-large
2024-10-13 23:08:55,090 - INFO - Fetched document from https://arxiv.org/html/2408.17024v1
2024-10-13 23:08:55,137 - INFO - Document fetched with length: 69316 characters.
2024-10-13 23:08:55,217 - INFO - Testing main model: nomic-embed-text
2024-10-13 23:08:56,675 - INFO - Items added to index for model: nomic-embed-text
2024-10-13 23:08:57,325 - INFO - Items added to index for model: mxbai-embed-large
2024-10-13 23:08:57,330 - INFO - Testing completed for main model: nomic-embed-text
2024-10-13 23:08:57,331 - INFO - Testing main model: mxbai-embed-large
2024-10-13 23:08:58,468 - INFO - Items added to index for model: nomic-embed-text
2024-10-13 23:08:58,865 - INFO - Items added to index for model: mxbai-embed-large
2024-10-13 23:08:58,869 - INFO - Testing completed for main model: mxbai-embed-large
2024-10-13 23:09:54,915 - INFO - Fetched document from https://arxiv.org/html/2408.17024v1
2024-10-13 23:09:54,956 - INFO - Document fetched with length: 69316 characters.
2024-10-13 23:09:55,035 - INFO - Testing main model: nomic-embed-text
2024-10-13 23:09:56,217 - INFO - Items added to index for model: nomic-embed-text
2024-10-13 23:09:56,619 - INFO - Items added to index for model: mxbai-embed-large
2024-10-13 23:09:56,620 - INFO - Testing completed for main model: nomic-embed-text
2024-10-13 23:09:56,620 - INFO - Testing main model: mxbai-embed-large
2024-10-13 23:09:57,744 - INFO - Items added to index for model: nomic-embed-text
2024-10-13 23:09:58,147 - INFO - Items added to index for model: mxbai-embed-large
2024-10-13 23:09:58,150 - INFO - Testing completed for main model: mxbai-embed-large
2024-10-13 23:13:36,291 - INFO - Fetched document from https://arxiv.org/html/2408.17024v1
2024-10-13 23:13:36,351 - INFO - Document fetched with length: 69316 characters.
2024-10-13 23:13:36,465 - INFO - Testing main model: nomic-embed-text
2024-10-13 23:13:37,677 - INFO - Items added to index for model: nomic-embed-text
2024-10-13 23:13:38,108 - INFO - Items added to index for model: mxbai-embed-large
2024-10-13 23:13:38,118 - INFO - Testing completed for main model: nomic-embed-text
2024-10-13 23:13:38,118 - INFO - Testing main model: mxbai-embed-large
2024-10-13 23:13:39,246 - INFO - Items added to index for model: nomic-embed-text
2024-10-13 23:13:39,619 - INFO - Items added to index for model: mxbai-embed-large
2024-10-13 23:13:39,621 - INFO - Testing completed for main model: mxbai-embed-large
2024-10-13 23:13:51,918 - INFO - Fetched document from https://arxiv.org/html/2408.17024v1
2024-10-13 23:13:51,961 - INFO - Document fetched with length: 69316 characters.
2024-10-13 23:13:52,037 - INFO - Testing main model: nomic-embed-text
2024-10-13 23:13:53,217 - INFO - Items added to index for model: nomic-embed-text
2024-10-13 23:13:53,607 - INFO - Items added to index for model: mxbai-embed-large
2024-10-13 23:13:53,608 - INFO - Testing completed for main model: nomic-embed-text
2024-10-13 23:13:53,608 - INFO - Testing main model: mxbai-embed-large
2024-10-13 23:13:54,730 - INFO - Items added to index for model: nomic-embed-text
2024-10-13 23:13:55,110 - INFO - Items added to index for model: mxbai-embed-large
2024-10-13 23:13:55,111 - INFO - Testing completed for main model: mxbai-embed-large
2024-10-13 23:14:35,205 - INFO - Fetched document from https://arxiv.org/html/2408.17024v1
2024-10-13 23:14:35,246 - INFO - Document fetched with length: 69316 characters.
2024-10-13 23:14:35,330 - INFO - Testing main model: nomic-embed-text
2024-10-13 23:14:36,517 - INFO - Items added to index for model: nomic-embed-text
2024-10-13 23:14:36,921 - INFO - Items added to index for model: mxbai-embed-large
2024-10-13 23:14:36,926 - INFO - Testing completed for main model: nomic-embed-text
2024-10-13 23:14:36,926 - INFO - Testing main model: mxbai-embed-large
2024-10-13 23:14:38,057 - INFO - Items added to index for model: nomic-embed-text
2024-10-13 23:14:38,466 - INFO - Items added to index for model: mxbai-embed-large
2024-10-13 23:14:38,473 - INFO - Testing completed for main model: mxbai-embed-large
2024-10-13 23:15:11,146 - INFO - Fetched document from https://arxiv.org/html/2408.17024v1
2024-10-13 23:15:11,190 - INFO - Document fetched with length: 69316 characters.
2024-10-13 23:15:11,269 - INFO - Testing main model: nomic-embed-text
2024-10-13 23:15:12,455 - INFO - Items added to index for model: nomic-embed-text
2024-10-13 23:15:12,861 - INFO - Items added to index for model: mxbai-embed-large
2024-10-13 23:15:12,864 - INFO - Testing completed for main model: nomic-embed-text
2024-10-13 23:15:12,864 - INFO - Testing main model: mxbai-embed-large
2024-10-13 23:15:13,990 - INFO - Items added to index for model: nomic-embed-text
2024-10-13 23:15:14,366 - INFO - Items added to index for model: mxbai-embed-large
2024-10-13 23:15:14,370 - INFO - Testing completed for main model: mxbai-embed-large
2024-10-13 23:16:19,627 - INFO - Fetched document from https://arxiv.org/html/2408.17024v1
2024-10-13 23:16:19,670 - INFO - Document fetched with length: 69316 characters.
2024-10-13 23:16:19,756 - INFO - Testing main model: nomic-embed-text
2024-10-13 23:16:20,948 - INFO - Items added to index for model: nomic-embed-text
2024-10-13 23:16:21,358 - INFO - Items added to index for model: mxbai-embed-large
2024-10-13 23:16:21,360 - INFO - Testing completed for main model: nomic-embed-text
2024-10-13 23:16:21,360 - INFO - Testing main model: mxbai-embed-large
2024-10-13 23:16:22,483 - INFO - Items added to index for model: nomic-embed-text
2024-10-13 23:16:22,861 - INFO - Items added to index for model: mxbai-embed-large
2024-10-13 23:16:22,863 - INFO - Testing completed for main model: mxbai-embed-large
2024-10-13 23:16:43,989 - INFO - Fetched document from https://arxiv.org/html/2408.17024v1
2024-10-13 23:16:44,029 - INFO - Document fetched with length: 69316 characters.
2024-10-13 23:16:44,119 - INFO - Testing main model: nomic-embed-text
2024-10-13 23:16:45,279 - INFO - Items added to index for model: nomic-embed-text
2024-10-13 23:16:45,666 - INFO - Items added to index for model: mxbai-embed-large
2024-10-13 23:16:45,668 - INFO - Testing completed for main model: nomic-embed-text
2024-10-13 23:16:45,668 - INFO - Testing main model: mxbai-embed-large
2024-10-13 23:16:46,795 - INFO - Items added to index for model: nomic-embed-text
2024-10-13 23:16:47,217 - INFO - Items added to index for model: mxbai-embed-large
2024-10-13 23:16:47,220 - INFO - Testing completed for main model: mxbai-embed-large
2024-10-13 23:17:06,078 - INFO - Fetched document from https://arxiv.org/html/2408.17024v1
2024-10-13 23:17:06,120 - INFO - Document fetched with length: 69316 characters.
2024-10-13 23:17:06,199 - INFO - Testing main model: nomic-embed-text
2024-10-13 23:17:07,380 - INFO - Items added to index for model: nomic-embed-text
2024-10-13 23:17:07,780 - INFO - Items added to index for model: mxbai-embed-large
2024-10-13 23:17:07,781 - INFO - Testing completed for main model: nomic-embed-text
2024-10-13 23:17:07,781 - INFO - Testing main model: mxbai-embed-large
2024-10-13 23:17:08,918 - INFO - Items added to index for model: nomic-embed-text
2024-10-13 23:17:09,320 - INFO - Items added to index for model: mxbai-embed-large
2024-10-13 23:17:09,322 - INFO - Testing completed for main model: mxbai-embed-large
2024-10-13 23:20:44,509 - INFO - Fetched document from https://arxiv.org/html/2408.17024v1
2024-10-13 23:20:44,547 - INFO - Document fetched with length: 69316 characters.
2024-10-13 23:20:44,627 - INFO - Testing main model: nomic-embed-text
2024-10-13 23:20:45,790 - INFO - Items added to index for model: nomic-embed-text
2024-10-13 23:20:46,204 - INFO - Items added to index for model: mxbai-embed-large
2024-10-13 23:20:46,208 - INFO - Testing completed for main model: nomic-embed-text
2024-10-13 23:20:46,208 - INFO - Testing main model: mxbai-embed-large
2024-10-13 23:20:47,337 - INFO - Items added to index for model: nomic-embed-text
2024-10-13 23:20:47,748 - INFO - Items added to index for model: mxbai-embed-large
2024-10-13 23:20:47,752 - INFO - Testing completed for main model: mxbai-embed-large
2024-10-13 23:21:20,131 - INFO - Fetched document from https://arxiv.org/html/2408.17024v1
2024-10-13 23:21:20,175 - INFO - Document fetched with length: 69316 characters.
2024-10-13 23:21:20,255 - INFO - Testing main model: llama3.2
2024-10-13 23:21:21,447 - INFO - Items added to index for model: nomic-embed-text
2024-10-13 23:21:21,863 - INFO - Items added to index for model: mxbai-embed-large
2024-10-13 23:21:21,867 - INFO - Testing completed for main model: llama3.2
2024-10-13 23:21:21,867 - INFO - Testing main model: llama3.1
2024-10-13 23:21:22,994 - INFO - Items added to index for model: nomic-embed-text
2024-10-13 23:21:23,392 - INFO - Items added to index for model: mxbai-embed-large
2024-10-13 23:21:23,394 - INFO - Testing completed for main model: llama3.1
2024-10-13 23:24:04,740 - INFO - Fetched document from https://arxiv.org/html/2408.17024v1
2024-10-13 23:24:04,785 - INFO - Document fetched with length: 69316 characters.
2024-10-13 23:24:04,863 - INFO - Testing main model: llama3.2
2024-10-13 23:24:06,049 - INFO - Items added to index for model: nomic-embed-text
2024-10-13 23:27:02,391 - INFO - Fetched document from https://arxiv.org/html/2408.17024v1
2024-10-13 23:27:02,453 - INFO - Document fetched with length: 69316 characters.
2024-10-13 23:27:02,568 - INFO - Testing main model: llama3.2
2024-10-13 23:27:03,766 - INFO - Items added to index for model: nomic-embed-text
2024-10-13 23:28:02,376 - INFO - Fetched document from https://arxiv.org/html/2408.17024v1
2024-10-13 23:28:02,419 - INFO - Document fetched with length: 69316 characters.
2024-10-13 23:28:02,505 - INFO - Testing main model: llama3.2
2024-10-13 23:28:03,700 - INFO - Items added to index for model: nomic-embed-text
2024-10-13 23:30:11,752 - INFO - Fetched document from https://arxiv.org/html/2408.17024v1
2024-10-13 23:30:11,795 - INFO - Document fetched with length: 69316 characters.
2024-10-13 23:30:11,873 - INFO - Testing main model: llama3.2
2024-10-13 23:30:13,068 - INFO - Items added to index for model: nomic-embed-text
2024-10-13 23:30:23,516 - INFO - Fetched document from https://arxiv.org/html/2408.17024v1
2024-10-13 23:30:23,562 - INFO - Document fetched with length: 69316 characters.
2024-10-13 23:30:23,644 - INFO - Testing main model: llama3.2
2024-10-13 23:30:24,833 - INFO - Items added to index for model: nomic-embed-text
2024-10-13 23:31:57,902 - INFO - Fetched document from https://arxiv.org/html/2408.17024v1
2024-10-13 23:31:57,949 - INFO - Document fetched with length: 69316 characters.
2024-10-13 23:31:58,028 - INFO - Testing main model: llama3.2
2024-10-13 23:31:59,222 - INFO - Items added to index for model: nomic-embed-text
2024-10-13 23:32:59,765 - INFO - Fetched document from https://arxiv.org/html/2408.17024v1
2024-10-13 23:32:59,805 - INFO - Document fetched with length: 69316 characters.
2024-10-13 23:32:59,888 - INFO - Testing main model: llama3.2
2024-10-13 23:33:01,074 - INFO - Items added to index for model: nomic-embed-text
2024-10-13 23:34:01,135 - INFO - Fetched document from https://arxiv.org/html/2408.17024v1
2024-10-13 23:34:01,179 - INFO - Document fetched with length: 69316 characters.
2024-10-13 23:34:01,260 - INFO - Testing main model: llama3.2
2024-10-13 23:34:02,445 - INFO - Items added to index for model: nomic-embed-text
2024-10-13 23:47:31,629 - INFO - Fetched document from https://arxiv.org/html/2408.17024v1
2024-10-13 23:47:31,684 - INFO - Document fetched with length: 69316 characters.
2024-10-13 23:47:31,795 - INFO - Testing main model: llama3.2
2024-10-13 23:47:33,542 - INFO - Items added to index for model: nomic-embed-text
2024-10-13 23:49:04,271 - INFO - Fetched document from https://arxiv.org/html/2408.17024v1
2024-10-13 23:49:04,315 - INFO - Document fetched with length: 69316 characters.
2024-10-13 23:49:04,401 - INFO - Testing main model: llama3.2
2024-10-13 23:49:05,599 - INFO - Items added to index for model: nomic-embed-text
2024-10-13 23:49:36,184 - INFO - Fetched document from https://arxiv.org/html/2408.17024v1
2024-10-13 23:49:36,310 - INFO - Document fetched with length: 69316 characters.
2024-10-13 23:49:36,412 - INFO - Testing main model: llama3.2
2024-10-13 23:51:04,705 - INFO - Items added to index for model: nomic-embed-text
2024-10-14 00:29:41,440 - INFO - Fetched document from https://arxiv.org/html/2408.17024v1
2024-10-14 00:29:41,571 - INFO - Document fetched with length: 69316 characters.
2024-10-14 00:29:41,669 - INFO - Testing main model: llama3.2
2024-10-14 00:29:47,611 - INFO - Items added to index for model: nomic-embed-text
2024-10-14 00:33:10,072 - ERROR - Task exception was never retrieved
future: <Task finished name='Task-1' coro=<main() done, defined at /Users/luist/delivery/luis-testing/embebedings/main.py:18> exception=KeyboardInterrupt()>
Traceback (most recent call last):
  File "/Applications/PyCharm.app/Contents/plugins/python/helpers/pydev/pydevd.py", line 2252, in <module>
    main()
  File "/Applications/PyCharm.app/Contents/plugins/python/helpers/pydev/pydevd.py", line 2234, in main
    globals = debugger.run(setup['file'], None, None, is_module)
  File "/Applications/PyCharm.app/Contents/plugins/python/helpers/pydev/pydevd.py", line 1544, in run
    return self._exec(is_module, entry_point_fn, module_name, file, globals, locals)
  File "/Applications/PyCharm.app/Contents/plugins/python/helpers/pydev/pydevd.py", line 1551, in _exec
    pydev_imports.execfile(file, globals, locals)  # execute the script
  File "/Applications/PyCharm.app/Contents/plugins/python/helpers/pydev/_pydev_imps/_pydev_execfile.py", line 18, in execfile
    exec(compile(contents+"\n", file, 'exec'), glob, loc)
  File "/Users/luist/delivery/luis-testing/embebedings/main.py", line 72, in <module>
    asyncio.run(main())
  File "/Applications/PyCharm.app/Contents/plugins/python/helpers-pro/pydevd_asyncio/pydevd_nest_asyncio.py", line 138, in run
    return loop.run_until_complete(task)
  File "/Applications/PyCharm.app/Contents/plugins/python/helpers-pro/pydevd_asyncio/pydevd_nest_asyncio.py", line 234, in run_until_complete
    self._run_once()
  File "/Applications/PyCharm.app/Contents/plugins/python/helpers-pro/pydevd_asyncio/pydevd_nest_asyncio.py", line 286, in _run_once
    handle._run()
  File "/Library/Frameworks/Python.framework/Versions/3.10/lib/python3.10/asyncio/events.py", line 80, in _run
    self._context.run(self._callback, *self._args)
  File "/Applications/PyCharm.app/Contents/plugins/python/helpers-pro/pydevd_asyncio/pydevd_nest_asyncio.py", line 395, in step
    step_orig(task, exc)
  File "/Library/Frameworks/Python.framework/Versions/3.10/lib/python3.10/asyncio/tasks.py", line 232, in __step
    result = coro.send(None)
  File "/Users/luist/delivery/luis-testing/embebedings/main.py", line 55, in main
    answers.append({
  File "/Users/luist/delivery/luis-testing/embebedings/main.py", line 55, in main
    answers.append({
  File "_pydevd_bundle/pydevd_cython_darwin_310_64.pyx", line 1187, in _pydevd_bundle.pydevd_cython_darwin_310_64.SafeCallWrapper.__call__
  File "_pydevd_bundle/pydevd_cython_darwin_310_64.pyx", line 627, in _pydevd_bundle.pydevd_cython_darwin_310_64.PyDBFrame.trace_dispatch
  File "_pydevd_bundle/pydevd_cython_darwin_310_64.pyx", line 1103, in _pydevd_bundle.pydevd_cython_darwin_310_64.PyDBFrame.trace_dispatch
  File "_pydevd_bundle/pydevd_cython_darwin_310_64.pyx", line 1065, in _pydevd_bundle.pydevd_cython_darwin_310_64.PyDBFrame.trace_dispatch
  File "_pydevd_bundle/pydevd_cython_darwin_310_64.pyx", line 585, in _pydevd_bundle.pydevd_cython_darwin_310_64.PyDBFrame.do_wait_suspend
  File "/Applications/PyCharm.app/Contents/plugins/python/helpers/pydev/pydevd.py", line 1201, in do_wait_suspend
    self._do_wait_suspend(thread, frame, event, arg, suspend_type, from_this_thread)
  File "/Applications/PyCharm.app/Contents/plugins/python/helpers/pydev/pydevd.py", line 1216, in _do_wait_suspend
    time.sleep(0.01)
KeyboardInterrupt
2024-10-14 00:33:13,555 - INFO - Fetched document from https://arxiv.org/html/2408.17024v1
2024-10-14 00:33:13,673 - INFO - Document fetched with length: 69316 characters.
2024-10-14 00:33:13,765 - INFO - Testing main model: llama3.2
2024-10-14 00:33:14,971 - INFO - Items added to index for model: nomic-embed-text
2024-10-14 00:34:51,135 - INFO - Fetched document from https://arxiv.org/html/2408.17024v1
2024-10-14 00:34:51,199 - INFO - Document fetched with length: 69316 characters.
2024-10-14 00:34:51,284 - INFO - Testing main model: llama3.2
2024-10-14 00:34:52,474 - INFO - Items added to index for model: nomic-embed-text
2024-10-14 00:35:10,035 - INFO - Items added to index for model: mxbai-embed-large
2024-10-14 00:35:25,170 - INFO - Testing completed for main model: llama3.2
2024-10-14 00:35:25,170 - INFO - Model: nomic-embed-text - Answer: Here is the abstract of the paper "Masakhane - machine translation for africa" from the 1st AfricaNLP Workshop Proceedings, AfricaNLP@ICLR 2020:

Title: Masakhane - Machine Translation for Africa
Authors: [Unknown]
Proceedings: 1st AfricaNLP Workshop Proceedings, AfricaNLP@ICLR 2020

The abstract is not available in the provided text. However, I can suggest that you may need to access the actual paper or proceedings to read the abstract.

If you could provide more context or information about the paper, I'd be happy to help you with any questions or summaries you may have! - Scores: 0.57, 0.58, 0.66, 0.72, 0.72, 0.75, 0.78
2024-10-14 00:35:25,170 - INFO - Model: nomic-embed-text - Answer: Based on the provided citations, I'll provide an overview of the papers and their contributions to the field of natural language processing (NLP) and machine learning:

1. **Papineni et al. (2002)**: Introduced the BLEU metric for evaluating machine translation systems. Bleu evaluates the fluency of generated text by comparing it to a reference translation.
2. **Qin et al. (2024)**: Provided an overview of multilingual large language models, including resources, taxonomy, and frontiers in research.
3. **Sanyal et al. (2024)**: Investigated pre-training small base LMs with fewer tokens, which can lead to more efficient and lightweight models.
4. **Scaria et al. (2024)**: Examined whether small language models can learn, unlearn, and retain noise patterns, which has implications for their robustness and reliability.
5. **Song et al. (2024)**: Proposed a method to achieve sparse activation in small language models, which can lead to better performance and efficiency.
6. **Team et al. (2024)**: Introduced the Gemma model, an open-source small language model based on Gemini research and technology.
7. **NLLB Team et al. (2022)**: Developed the No Language Left Behind framework for scaling human-centered machine translation to low-resource languages.
8. **Thawakar et al. (2024)**: Proposed the Mobillama model, which aims to achieve accurate and lightweight fully transparent GPTs.
9. **Xu et al. (2024)**: Introduced the Onebit model, which focuses on extremely low-bit large language models for efficient inference.
10. **Zhang et al. (2024)**: Developed the Tinyllama model, an open-source small language model that achieves state-of-the-art performance in various tasks.
11. **Zhu et al. (2024)**: Introduced the Llava-phi model, which is designed to be efficient and robust for multi-modal assistant applications.

These papers cover a range of topics related to NLP and machine learning, including:

* Evaluation metrics (Papineni et al.)
* Pre-training small base models (Sanyal et al., Zhang et al.)
* Noise patterns in language models (Scaria et al.)
* Efficient inference for large language models (Song et al., Xu et al.)
* Open-source small language models (Gemma, Tinyllama)
* Human-centered machine translation (NLLB Team et al.)
* Multi-modal assistants (Llava-phi)

These advances have the potential to improve the performance and efficiency of NLP systems in various applications, including but not limited to:

* Machine translation
* Text summarization
* Sentiment analysis
* Question answering
* Chatbots and virtual assistants

Note that this is not an exhaustive summary, and each paper has more specific contributions and implications for the field. - Scores: 0.57, 0.58, 0.65, 0.69, 0.69, 0.76, 0.76
2024-10-14 00:35:25,170 - INFO - Model: nomic-embed-text - Answer: It appears that the provided text is a collection of research papers and articles related to natural language processing, specifically focusing on low-resource languages, few-shot learning, and evaluation frameworks for large language models.

To provide a more specific answer to your question, I would need to know what exactly you are looking for. Are you seeking information on:

1. Recent advancements in natural language processing for low-resource languages?
2. Few-shot learning approaches for large language models?
3. Evaluation frameworks for few-shot language model evaluation?
4. Other related topics?

Please provide more context or clarify your question, and I'll do my best to assist you. - Scores: 0.60, 0.65, 0.70, 0.71, 0.74, 0.78, 0.78
2024-10-14 00:35:25,170 - INFO - Model: mxbai-embed-large - Answer: I can't complete the request as it requires specific details that aren't provided, such as a paper title or author(s) for a particular section. However, I can help guide you on how to properly cite various sources using different citation styles (e.g., APA, MLA, Chicago).

For citing a book:
- For APA style: Author's Last Name, First Initial. Year. Title of the Book. Publisher.
- For MLA style: Author's Last Name, First Name. "Title of the Book." Publisher, Year of Publication.

For citing an article or journal:
- For APA style: Author's Last Name, First Initial. (Year). Title of the Article. Title of the Journal, Volume(Issue), pp. Page Numbers.
- For MLA style: Author's Last Name, First Name. "Title of the Article." Title of the Journal Volume.Issue (Year): Pages.

For citing a webpage or online source:
- For APA style: Author's Last Name, First Initial. (Year, Month Day of Publication). Title of the Webpage. Retrieved from <https://www.url.com>
- For MLA style: Author's Last Name, First Name. "Title of the Webpage." Website Title, Date of Publication, https://www.url.com

For citing a conference or workshop:
- For APA style: Author's Last Name, First Initial. (Year, Month Day of Presentation). Title of the Presentation. In Title of the Conference or Workshop, Session/Location, pp. Page Numbers.
- For MLA style: Author's Last Name, First Name. "Title of the Presentation." Title of the Conference or Workshop, Date of Presentation, Session/Location.

If you have a specific source you'd like me to help with, please provide more details about it (e.g., title, author(s), publication date, etc.), and I'll be happy to assist you in formatting your citation according to your chosen style. - Scores: 0.44, 0.46, 0.48, 0.53, 0.55, 0.57, 0.66
2024-10-14 00:35:25,170 - INFO - Model: mxbai-embed-large - Answer: It appears that the provided text is a list of names, likely researchers or authors, followed by a series of citations and references to various publications in the field of natural language processing (NLP). The citations and references are not directly related to the list of names.

If you could provide more context or clarify what you would like to achieve with this information, I'd be happy to help. - Scores: 0.45, 0.52, 0.62, 0.62, 0.64, 0.65, 0.67
2024-10-14 00:35:25,170 - INFO - Model: mxbai-embed-large - Answer: I can help with that!

It appears you've provided a list of names and references, but there's no specific problem or question being asked. However, I'll assume you'd like me to summarize the references in a way that highlights their relevance to natural language processing (NLP) and few-shot learning.

Here's a summary:

**References:**

1. **Eiselen (2016)**: Explores government domain named entity recognition for South African languages.
2. **Gage (1994)**: Introduces a new algorithm for data compression, which can be related to text preprocessing techniques in NLP.
3. **Gao et al. (2024)**: Present a framework for few-shot language model evaluation, focusing on improving performance on out-of-distribution tasks.
4. **Hedderich et al. (2020 & 2021)**: Investigate transfer learning and distant supervision for multilingual transformer models in low-resource African languages.
5. **Hendrycks et al. (2020)**: Introduce a method to measure massive multitask language understanding, highlighting the importance of robust evaluation metrics.
6. **Joshua (2024)**: Explores the use of retrieval augmented generation (RAG) for improving question-answering capabilities in large language models, focusing on Yoruba culture and language.

**Key Takeaways:**

* NLP has applications in low-resource languages, such as those spoken in Africa.
* Few-shot learning is crucial for adapting language models to new tasks and domains.
* Evaluation metrics are essential for assessing language model performance, especially in out-of-distribution scenarios.
* Techniques like RAG can enhance question-answering capabilities in large language models.

Please let me know if you'd like me to clarify or expand on any of these points! - Scores: 0.37, 0.45, 0.46, 0.53, 0.55, 0.58, 0.66
2024-10-14 00:35:25,170 - INFO - Testing main model: llama3.1
2024-10-14 00:35:26,355 - INFO - Items added to index for model: nomic-embed-text
2024-10-14 00:36:01,414 - INFO - Items added to index for model: mxbai-embed-large
2024-10-14 00:36:14,691 - INFO - Testing completed for main model: llama3.1
2024-10-14 00:36:14,691 - INFO - Model: nomic-embed-text - Answer: It appears you've provided a list of academic papers related to machine learning and natural language processing, with a focus on small and lightweight models. I'll try to summarize the key points:

**Recent Developments**

1. **Multilingual Large Language Model**: A survey paper by Qin et al. (2024) explores resources, taxonomy, and frontiers in multilingual large language models.
2. **Pre-training Small Base LMs with Fewer Tokens**: Sanyal et al. (2024) propose a method to pre-train small base language models using fewer tokens.

**Small Language Models**

1. **Can Small Language Models Learn, Unlearn, and Retain Noise Patterns?**: Scaria et al. (2024) investigate whether small language models can learn, unlearn, and retain noise patterns.
2. **Achieving Sparse Activation in Small Language Models**: Song et al. (2024) propose a method to achieve sparse activation in small language models.

**Efficient and Lightweight Models**

1. **Gemma: Open Models based on Gemini Research and Technology**: Team et al. (2024) introduce Gemma, an open-source model based on Gemini research and technology.
2. **Onebit: Towards Extremely Low-Bit Large Language Models**: Xu et al. (2024) propose Onebit, a method to achieve extremely low-bit large language models.

**Specific Applications**

1. **Mobillama: Towards Accurate and Lightweight Fully Transparent GPT**: Thawakar et al. (2024) introduce Mobillama, an accurate and lightweight fully transparent GPT model.
2. **TinyLLAMA: An Open-Source Small Language Model**: Zhang et al. (2024) propose TinyLLAMA, an open-source small language model.

**Other Papers**

1. **No Language Left Behind: Scaling Human-Centered Machine Translation**: NLLB Team et al. (2022) present a paper on scaling human-centered machine translation.
2. **Llava-Phi: Efficient Multi-modal Assistant with Small Language Model**: Zhu et al. (2024) propose Llava-Phi, an efficient multi-modal assistant using a small language model.

Please note that I'm an AI and not a expert in the field, so I may have missed some details or context. If you'd like me to clarify anything, feel free to ask! - Scores: 0.57, 0.58, 0.66, 0.72, 0.72, 0.75, 0.78
2024-10-14 00:36:14,691 - INFO - Model: nomic-embed-text - Answer: It seems like you've provided a list of references related to machine translation and natural language processing, with a focus on small or lightweight models for Africa.

Here's a summary of the content:

The first reference is from Masakhane, a project that aims to develop machine translation capabilities for African languages. The 1st AfricaNLP Workshop Proceedings are mentioned, which was held in April 2020.

The rest of the references are research papers published in 2024, focusing on various aspects of small or lightweight language models. These include:

* Pre-training small base language models with fewer tokens
* Achieving sparse activation in small language models
* Developing extremely low-bit large language models
* Creating open-source small language models
* Designing efficient multi-modal assistants using small language models

Some common themes across these references include:

* Scaling human-centered machine translation for under-resourced languages
* Developing lightweight or compact language models that can be used in resource-constrained environments
* Investigating the use of sparse activation or low-bit representations to reduce computational costs
* Creating open-source models and tools to facilitate collaboration and reuse

Overall, these references suggest a growing interest in developing machine translation capabilities for African languages and exploring new approaches to create more efficient and compact language models. - Scores: 0.57, 0.58, 0.65, 0.69, 0.69, 0.76, 0.76
2024-10-14 00:36:14,691 - INFO - Model: nomic-embed-text - Answer: It appears that you have listed a group of researchers along with their names, and then provided some references to research papers. The list of researchers is quite long and includes many individuals from diverse backgrounds.

However, I don't see any specific question or problem that you'd like me to solve. If you could provide more context or clarify what you need help with, I'll do my best to assist you.

If you meant to ask a question related to the research papers listed, please let me know and I can try to help.

Otherwise, if you're looking for something else, such as:

* Helping you understand the content of the research papers
* Providing information on a specific topic related to natural language processing (NLP)
* Assisting with a task or project related to NLP

Please let me know, and I'll do my best to help! - Scores: 0.60, 0.65, 0.70, 0.71, 0.74, 0.78, 0.78
2024-10-14 00:36:14,691 - INFO - Model: mxbai-embed-large - Answer: It appears that you've provided a list of authors with names and affiliations, as well as citations to research papers. However, I don't see a specific question or problem to be addressed.

Could you please provide more context or clarify what you need help with? For example:

* Do you want me to extract information from the author list (e.g., count the number of authors)?
* Are there any specific research papers or topics that you'd like me to assist you with?
* Is there a particular task or problem related to natural language processing that I can help with?

Feel free to provide more details, and I'll do my best to assist you! - Scores: 0.44, 0.46, 0.48, 0.53, 0.55, 0.57, 0.66
2024-10-14 00:36:14,691 - INFO - Model: mxbai-embed-large - Answer: It appears to be a list of researchers and their corresponding affiliations, as well as references to various research papers in the field of natural language processing.

Here are a few specific observations:

* The list includes individuals with names from diverse cultural backgrounds, suggesting a global collaboration on NLP research.
* The paper titles suggest an interest in topics such as transfer learning, distant supervision, few-shot language model evaluation, and question-answering capabilities.
* The references to previous research papers (e.g., Eiselen 2016, Gage 1994) indicate that the authors are building upon existing work in the field.

If you're looking for a specific piece of information or want to explore further into NLP research, feel free to ask! - Scores: 0.45, 0.52, 0.62, 0.62, 0.64, 0.65, 0.67
2024-10-14 00:36:14,691 - INFO - Model: mxbai-embed-large - Answer: It appears that the text is a list of authors and contributors to various research papers and projects related to natural language processing and computer science. The list includes individuals with names from various cultural backgrounds, including those from Africa, Asia, Europe, and North America.

To provide a concise answer, here are some key points about the list:

*   It contains over 100 entries, indicating a large-scale collaboration among researchers and experts in the field.
*   The authors and contributors come from diverse backgrounds, reflecting the global nature of research in natural language processing.
*   Many of the names are associated with institutions such as Google, Microsoft, Amazon, and universities worldwide, highlighting the involvement of leading organizations in these projects.

If you have any specific questions or would like to know more about a particular aspect of this list, please feel free to ask! - Scores: 0.37, 0.45, 0.46, 0.53, 0.55, 0.58, 0.66
2024-10-14 01:01:23,954 - INFO - Fetched document from https://arxiv.org/html/2408.17024v1
2024-10-14 01:01:24,016 - INFO - Document fetched with length: 69316 characters.
2024-10-14 01:01:24,126 - INFO - Testing main model: llama3.2
2024-10-14 01:01:25,853 - INFO - Items added to index for model: nomic-embed-text
2024-10-14 01:01:49,011 - INFO - Items added to index for model: mxbai-embed-large
2024-10-14 01:01:55,871 - INFO - Testing completed for main model: llama3.2
2024-10-14 01:01:55,871 - INFO - Model: nomic-embed-text - Answer: Based on the provided bibliography, I can summarize the key papers and findings in the field of machine translation, particularly focusing on large language models for AfricaNLP:

1. **Papineni et al. (2002)**: Introduced BLEU, a metric for evaluating machine translation quality.
2. **Qin et al. (2024)**: Surveyed resources, taxonomy, and frontiers in multilingual large language models.
3. **Sanyal et al. (2024)**: Pre-trained small base LMs with fewer tokens using a novel method called "pre-training small base LMs with fewer tokens."
4. **Scaria et al. (2024)**: Investigated whether small language models can learn, unlearn, and retain noise patterns.
5. **Song et al. (2024)**: Achieved sparse activation in small language models by modifying the architecture of the model.
6. **Team et al. (2024)**: Introduced "Gemma," an open-source framework for building small language models based on Gemini research and technology.
7. **NLLB Team et al. (2022)**: Published a paper on scaling human-centered machine translation, which may be relevant to AfricaNLP applications.
8. **Thawakar et al. (2024)**: Developed "Mobillama," a lightweight fully transparent GPT model for mobile devices.
9. **Xu et al. (2024)**: Introduced "Onebit," an extremely low-bit large language model architecture.
10. **Zhang et al. (2024)**: Released the open-source "Tinyllama" small language model.
11. **Zhu et al. (2024)**: Proposed "Llava-phi," a multi-modal assistant using a small language model.

These papers cover various aspects of large language models, including pre-training methods, model architectures, and applications in machine translation and other domains relevant to AfricaNLP. - Scores: 0.57, 0.58, 0.66, 0.72, 0.72, 0.75, 0.78
2024-10-14 01:01:55,871 - INFO - Model: nomic-embed-text - Answer: Based on the provided list of papers, it appears that there is a growing interest in developing smaller, more efficient language models for machine translation and other NLP tasks. Some of the key themes and takeaways from these papers include:

1. **Efficient large language models**: Papers like "Pre-training small base LMs with fewer tokens" (Sanyal et al.), "Achieving sparse activation in small language models" (Song et al.), and "Onebit: Towards extremely low-bit large language models" (Xu et al.) explore ways to reduce the computational requirements of large language models while maintaining their accuracy.
2. **Small but powerful**: Papers like "Tinyllama: An open-source small language model" (Zhang et al.), "Gemma: Open models based on Gemini research and technology" (Team et al.), and "Mobillama: Towards accurate and lightweight fully transparent GPT" (Thawakar et al.) demonstrate that smaller language models can be highly effective and efficient, even for tasks like machine translation.
3. **Multilingual capabilities**: Papers like "Multilingual large language model: A survey of resources, taxonomy and frontiers" (Qin et al.) and "Llava-phi: Efficient multi-modal assistant with small language model" (Zhu et al.) highlight the importance of developing multilingual language models that can handle multiple languages and applications.
4. **Efficient evaluation metrics**: Papers like "Bleu: a method for automatic evaluation of machine translation" (Papineni et al.) and "No language left behind: Scaling human-centered machine translation" (NLLB Team) emphasize the need for efficient evaluation metrics that can accurately assess the performance of machine translation systems.
5. **Research directions**: Papers like "Pre-training small base LMs with fewer tokens" (Sanyal et al.), "Can small language models learn, unlearn, and retain noise patterns?" (Scaria et al.), and "Mobillama: Towards accurate and lightweight fully transparent GPT" (Thawakar et al.) explore new research directions in the development of smaller language models, including their potential to handle noisy or uncertain data.

Overall, these papers suggest that there is a growing interest in developing more efficient, effective, and versatile language models for machine translation and other NLP tasks. - Scores: 0.57, 0.58, 0.65, 0.69, 0.69, 0.76, 0.76
2024-10-14 01:01:55,871 - INFO - Model: nomic-embed-text - Answer: I can help you generate a reference list based on the provided text. However, I need to clarify that the text is a large passage with multiple citations and references, which makes it challenging to extract relevant information for a reference list.

To create a reference list, I'll need more specific information about the sources you'd like me to include. Please provide me with the following details:

1. Author(s) of the article or paper
2. Title of the article or paper
3. Journal or publication name (if applicable)
4. Year of publication

Once I have this information, I can help you generate a reference list in a format such as MLA, APA, or Chicago.

If you'd like, I can also provide you with a general outline for a reference list based on the provided text. However, please note that this would require me to make some assumptions about the formatting and content of the references.

Let me know how I can assist you further! - Scores: 0.60, 0.65, 0.70, 0.71, 0.74, 0.78, 0.78
2024-10-14 01:01:55,871 - INFO - Model: mxbai-embed-large - Answer: I don't see any text to analyze or extract information from. The provided text appears to be a collection of names, publications, and conference proceedings related to natural language processing and machine learning. There is no specific task or problem to solve.

If you could provide more context or clarify what you would like to achieve (e.g., extract specific information, perform a task, or analyze the data), I'll be happy to help. - Scores: 0.44, 0.46, 0.48, 0.53, 0.55, 0.57, 0.66
2024-10-14 01:01:55,871 - INFO - Model: mxbai-embed-large - Answer: It appears that the provided text is a collection of research papers and citations from various fields, including natural language processing, computer science, and linguistics. The texts seem to be referencing specific papers and publications related to machine learning, language modeling, and low-resource language scenarios.

However, it's worth noting that none of the papers or authors are directly related to each other, as they come from different conferences, journals, and fields of study. Some notable papers and researchers mentioned in the list include:

* Roald Eiselen's work on named entity recognition for South African languages
* Leo Gao et al.'s framework for few-shot language model evaluation
* Michael A. Hedderich et al.'s studies on transfer learning and distant supervision for multilingual transformer models, as well as their survey on recent approaches for natural language processing in low-resource scenarios

If you could provide more context or clarify what specific information you're looking for, I'd be happy to try and assist you further! - Scores: 0.45, 0.52, 0.62, 0.62, 0.64, 0.65, 0.67
2024-10-14 01:01:55,871 - INFO - Model: mxbai-embed-large - Answer: I can help you with that! However, I notice that the text you provided is a list of authors and references for an academic paper. It doesn't seem to be a problem or question in need of a step-by-step solution.

If you could provide more context or clarify what you'd like me to assist with, I'd be happy to help. Perhaps you have a specific question about the paper, the research, or the references? - Scores: 0.37, 0.45, 0.46, 0.53, 0.55, 0.58, 0.66
2024-10-14 01:01:55,872 - INFO - Testing main model: llama3.1
2024-10-14 01:01:57,060 - INFO - Items added to index for model: nomic-embed-text
2024-10-14 01:02:23,590 - INFO - Items added to index for model: mxbai-embed-large
2024-10-14 01:02:37,023 - INFO - Testing completed for main model: llama3.1
2024-10-14 01:02:37,023 - INFO - Model: nomic-embed-text - Answer: It appears to be a list of references from various papers related to machine translation and natural language processing, specifically focusing on Africa.

Here's a breakdown:

* The title "Masakhane" seems to be the name of an initiative or project focused on machine translation for Africa.
* The conference proceedings are from the 1st AfricaNLP Workshop held in 2020, which suggests that this is a specialized event focused on NLP research related to Africa.

The references list various papers published between 2022 and 2024, all of which seem to be related to advancements in machine translation and NLP. Some specific topics include:

* Multilingual large language models
* Pre-training small base language models with fewer tokens
* Achieving sparse activation in small language models
* Open-source small language models (TinyLLama)
* Efficient multi-modal assistants using small language models

It's likely that these papers are exploring ways to improve machine translation capabilities for African languages, which might be an underrepresented area in the broader NLP research community. - Scores: 0.57, 0.58, 0.66, 0.72, 0.72, 0.75, 0.78
2024-10-14 01:02:37,023 - INFO - Model: nomic-embed-text - Answer: It appears to be a list of references related to machine translation and natural language processing, specifically focused on African languages and small/ lightweight language models.

Here's a breakdown of the information:

* The title "Masakhane - Machine Translation for Africa" suggests that the paper is about developing machine translation capabilities for African languages.
* The proceeding title "1st AfricaNLP Workshop Proceedings, AfricaNLP@ICLR 2020" indicates that this was a workshop held in conjunction with ICLR (International Conference on Learning Representations) 2020, focusing on natural language processing and computational linguistics research related to Africa.
* The list of references includes papers from 2022 and 2024, suggesting that the research has been ongoing for at least two years.
* Many of the papers have titles that suggest they are focused on developing small or lightweight language models (e.g., "Pre-training small base LMs with fewer tokens", "TinyLLAMA: An open-source small language model") or addressing specific challenges in machine translation, such as handling African languages.

Some specific points to note:

* The paper "No Language Left Behind: Scaling Human-Centered Machine Translation" (2022) from the NLLB team suggests a focus on developing human-centered machine translation systems that can handle diverse languages and dialects.
* Papers like "Achieving Sparse Activation in Small Language Models" (Song et al., 2024) and "OneBit: Towards Extremely Low-Bit Large Language Models" (Xu et al., 2024) demonstrate an interest in developing efficient and compact language models that can be used for resource-constrained applications.

Overall, the references suggest a growing research community focused on developing machine translation capabilities for African languages and addressing specific challenges related to small language models. - Scores: 0.57, 0.58, 0.65, 0.69, 0.69, 0.76, 0.76
2024-10-14 01:02:37,023 - INFO - Model: nomic-embed-text - Answer: It appears that you've provided a list of authors and their corresponding papers, as well as some references to research papers. I'll do my best to assist you.

However, I notice that the list includes multiple names and papers without any clear connection or context. Could you please provide more information about what you're trying to accomplish? Are you:

1. Trying to generate a bibliography for a research paper?
2. Attempting to create a list of researchers in a specific field?
3. Conducting some other task that I'm not aware of?

If you could provide more context, I'll be happy to help you better! - Scores: 0.60, 0.65, 0.70, 0.71, 0.74, 0.78, 0.78
2024-10-14 01:02:37,023 - INFO - Model: mxbai-embed-large - Answer: It looks like you've copied a list of authors from a research paper or proceedings document, along with some references to papers.

If you'd like to summarize the content of this text for me, I can try to assist you. It appears to be a list of authors involved in a project or research study, possibly related to natural language processing or African languages.

Would you like me to:

1. Summarize the list of authors?
2. Identify any specific topics or themes mentioned in the references (e.g., question-answering capabilities, massive multitask language understanding)?
3. Help with something else? - Scores: 0.44, 0.46, 0.48, 0.53, 0.55, 0.57, 0.66
2024-10-14 01:02:37,023 - INFO - Model: mxbai-embed-large - Answer: It looks like you provided a long list of authors with similar sounding names, followed by some citations to research papers. I'll try to provide a summary.

**Author List:**
The list appears to be a collection of researchers and academics working in the field of Natural Language Processing (NLP). The names seem to follow a specific pattern, with many individuals having a first name (e.g., Yuvraj, Qian Liang, Rachad Alao) followed by a surname that seems to originate from diverse cultural backgrounds (e.g., Indian, Chinese, African).

**Citations:**
The citations provided are references to research papers published in conferences and journals related to NLP. The papers cover topics such as language model evaluation, few-shot learning, transfer learning, and natural language processing in low-resource scenarios.

If you'd like me to provide a more detailed analysis or help with something specific, please let me know! - Scores: 0.45, 0.52, 0.62, 0.62, 0.64, 0.65, 0.67
2024-10-14 01:02:37,023 - INFO - Model: mxbai-embed-large - Answer: It looks like you provided a list of researchers' names with affiliations or papers they contributed to, along with some references to research papers.

If I had to identify the main topic or theme from this list, I would say that it's related to natural language processing (NLP) and machine learning, specifically in the context of African languages. The names mentioned are likely authors of research papers on topics such as:

* Language model evaluation
* Transfer learning for multilingual transformer models
* NLP for low-resource scenarios
* Question-answering capabilities using retrieval-augmented generation (RAG)
* Domain named entity recognition for South African languages

If you'd like me to help with anything specific, please let me know! - Scores: 0.37, 0.45, 0.46, 0.53, 0.55, 0.58, 0.66
2024-10-14 01:04:11,179 - INFO - Fetched document from https://arxiv.org/html/2408.17024v1
2024-10-14 01:04:11,301 - INFO - Document fetched with length: 69316 characters.
2024-10-14 01:05:32,628 - ERROR - Task exception was never retrieved
future: <Task finished name='Task-1' coro=<main() done, defined at /Users/luist/delivery/luis-testing/embebedings/main.py:18> exception=KeyboardInterrupt()>
Traceback (most recent call last):
  File "/Applications/PyCharm.app/Contents/plugins/python/helpers/pydev/pydevd.py", line 2252, in <module>
    main()
  File "/Applications/PyCharm.app/Contents/plugins/python/helpers/pydev/pydevd.py", line 2234, in main
    globals = debugger.run(setup['file'], None, None, is_module)
  File "/Applications/PyCharm.app/Contents/plugins/python/helpers/pydev/pydevd.py", line 1544, in run
    return self._exec(is_module, entry_point_fn, module_name, file, globals, locals)
  File "/Applications/PyCharm.app/Contents/plugins/python/helpers/pydev/pydevd.py", line 1551, in _exec
    pydev_imports.execfile(file, globals, locals)  # execute the script
  File "/Applications/PyCharm.app/Contents/plugins/python/helpers/pydev/_pydev_imps/_pydev_execfile.py", line 18, in execfile
    exec(compile(contents+"\n", file, 'exec'), glob, loc)
  File "/Users/luist/delivery/luis-testing/embebedings/main.py", line 72, in <module>
    asyncio.run(main())
  File "/Applications/PyCharm.app/Contents/plugins/python/helpers-pro/pydevd_asyncio/pydevd_nest_asyncio.py", line 138, in run
    return loop.run_until_complete(task)
  File "/Applications/PyCharm.app/Contents/plugins/python/helpers-pro/pydevd_asyncio/pydevd_nest_asyncio.py", line 234, in run_until_complete
    self._run_once()
  File "/Applications/PyCharm.app/Contents/plugins/python/helpers-pro/pydevd_asyncio/pydevd_nest_asyncio.py", line 286, in _run_once
    handle._run()
  File "/Library/Frameworks/Python.framework/Versions/3.10/lib/python3.10/asyncio/events.py", line 80, in _run
    self._context.run(self._callback, *self._args)
  File "/Applications/PyCharm.app/Contents/plugins/python/helpers-pro/pydevd_asyncio/pydevd_nest_asyncio.py", line 395, in step
    step_orig(task, exc)
  File "/Library/Frameworks/Python.framework/Versions/3.10/lib/python3.10/asyncio/tasks.py", line 232, in __step
    result = coro.send(None)
  File "/Users/luist/delivery/luis-testing/embebedings/main.py", line 30, in main
    source_doc_chunks = doc_processor.process_document()
  File "/Users/luist/delivery/luis-testing/embebedings/src/document_processor.py", line 26, in process_document
    return split_text_into_chunks(html_content, self.char_limit)
  File "/Users/luist/delivery/luis-testing/embebedings/src/utils.py", line 13, in split_text_into_chunks
    for sentence in sentences:
  File "/Users/luist/delivery/luis-testing/embebedings/src/utils.py", line 13, in split_text_into_chunks
    for sentence in sentences:
  File "_pydevd_bundle/pydevd_cython_darwin_310_64.pyx", line 1187, in _pydevd_bundle.pydevd_cython_darwin_310_64.SafeCallWrapper.__call__
  File "_pydevd_bundle/pydevd_cython_darwin_310_64.pyx", line 627, in _pydevd_bundle.pydevd_cython_darwin_310_64.PyDBFrame.trace_dispatch
  File "_pydevd_bundle/pydevd_cython_darwin_310_64.pyx", line 937, in _pydevd_bundle.pydevd_cython_darwin_310_64.PyDBFrame.trace_dispatch
  File "_pydevd_bundle/pydevd_cython_darwin_310_64.pyx", line 928, in _pydevd_bundle.pydevd_cython_darwin_310_64.PyDBFrame.trace_dispatch
  File "_pydevd_bundle/pydevd_cython_darwin_310_64.pyx", line 585, in _pydevd_bundle.pydevd_cython_darwin_310_64.PyDBFrame.do_wait_suspend
  File "/Applications/PyCharm.app/Contents/plugins/python/helpers/pydev/pydevd.py", line 1201, in do_wait_suspend
    self._do_wait_suspend(thread, frame, event, arg, suspend_type, from_this_thread)
  File "/Applications/PyCharm.app/Contents/plugins/python/helpers/pydev/pydevd.py", line 1216, in _do_wait_suspend
    time.sleep(0.01)
KeyboardInterrupt
2024-10-14 01:05:35,336 - INFO - Fetched document from https://arxiv.org/html/2408.17024v1
2024-10-14 01:05:35,382 - INFO - Document fetched with length: 69316 characters.
2024-10-14 01:05:35,475 - INFO - Testing main model: llama3.2
2024-10-14 01:05:37,205 - INFO - Items added to index for model: nomic-embed-text
2024-10-14 01:06:25,029 - INFO - Items added to index for model: mxbai-embed-large
2024-10-14 01:06:47,894 - INFO - Testing completed for main model: llama3.2
2024-10-14 01:06:47,895 - INFO - Model: nomic-embed-text - Answer: I can help with the paper references. 

Here is a possible format for citing these papers:

1. (2023a) David Ifeoluwa Adelani, Hannah Liu, Xiaoyu Shen, Nikita Vassilyev, Jesujoba O. Alabi, Yanke Mao, Haonan Gao, and Annie En-Shiun Lee. 2023a. Sib-200: A simple, inclusive, and big evaluation dataset for topic classification in 200+ languages and dialects . Adelani et al. (2023b) David Ifeoluwa Adelani, Marek Masiak, Israel Abebe Azime, Jesujoba Oluwadara Alabi, Atnafu Lambebo Tonja, Christine Mwase, Odunayo Ogundepo, Bonaventure F. P. Dossou, Akintunde Oladipo, Doreen Nixdorf, Chris Chinenye Emezue, Sana Sabah al azzawi, Blessing K. Sibanda, Davis David, Lolwethu Ndolela, Jonathan Mukiibi, Tunde Oluwaseyi Ajayi, Tatiana Moteu Ngoli, Brian Odhiambo, Abraham Toluwase Owodunni, Nnaemeka C. Obiefuna, Shamsuddeen Hassan Muhammad, Saheed Salahudeen Abdullahi, Mesay Gemeda Yigezu, Tajuddeen Gwadabe, Idris Abdulmumin, Mahlet Taye Bame, Oluwabusayo Olufunke Awoyomi, Iyanuoluwa Shode, Tolulope Anu Adelani, Habiba Abdulganiy Kailani, Abdul-Hakeem Omotayo, Adetola Adeeko, Afolabi Abeeb, Anuoluwapo Aremu, Olanrewaju Samuel, Clemencia Siro, Wangari Kimotho, Onyekachi Raphael Ogbu, Chinedu E. Mbonu, Chiamaka I. Chukwuneke, Samuel Fanijo, Jessica Ojo, Oyinkansola F. Awosan, Tadesse Kebede Guge, Sakayo Toadoum Sari, Pamela Nyatsine, Freedmore Sidume, Oreen Yousuf, Mardiyyah Oduwole, Ussen Kimanuka, Kanda Patrick Tshinu, Thina Diko, Siyanda Nxakama, Abdulmejid Tuni Johar, Sinodos Gebre, Muhidin Mohamed, Shafie Abdi Mohamed, Fuad Mire Hassan, Moges Ahmed Mehamed, Evrard Ngabire, and Pontus Stenetorp. 2023b. Masakhanews: News topic classification for african languages. ArXiv.

2. Adelani et al. (2023b) David Ifeoluwa Adelani, Marek Masiak, Israel Abebe Azime, Jesujoba Oluwadara Alabi, Atnafu Lambebo Tonja, Christine Mwase, Odunayo Ogundepo, Bonaventure F. P. Dossou, Akintunde Oladipo, Doreen Nixdorf, Chris Chinenye Emezue, Sana Sabah al azzawi, Blessing K. Sibanda, Davis David, Lolwethu Ndolela, Jonathan Mukiibi, Tunde Oluwaseyi Ajayi, Tatiana Moteu Ngoli, Brian Odhiambo, Abraham Toluwase Owodunni, Nnaemeka C. Obiefuna, Shamsuddeen Hassan Muhammad, Saheed Salahudeen Abdullahi, Mesay Gemeda Yigezu, Tajuddeen Gwadabe, Idris Abdulmumin, Mahlet Taye Bame, Oluwabusayo Olufunke Awoyomi, Iyanuoluwa Shode, Tolulope Anu Adelani, Habiba Abdulganiy Kailani, Abdul-Hakeem Omotayo, Adetola Adeeko, Afolabi Abeeb, Anuoluwapo Aremu, Olanrewaju Samuel, Clemencia Siro, Wangari Kimotho, Onyekachi Raphael Ogbu, Chinedu E. Mbonu, Chiamaka I. Chukwuneke, Mofetoluwa Adeyemi, Gilles Hacheme, Idris Abdulmumin, Odunayo Ogundepo, Oreen Yousuf, Tatiana Moteu Ngoli, and Dietrich Klakow. 2022b. Masakhaner 2.0: Africa-centric transfer learning for named entity recognition. ArXiv.

3. (2023b) David Ifeoluwa Adelani, Marek Masiak, Israel Abebe Azime, Jesujoba Oluwadara Alabi, Atnafu Lambebo Tonja, Christine Mwase, Odunayo Ogundepo, Bonaventure F. P. Dossou, Akintunde Oladipo, Doreen Nixdorf, Chris Chinenye Emezue, Sana Sabah al azzawi, Blessing K. Sibanda, Davis David, Lolwethu Ndolela, Jonathan Mukiibi, Tunde Oluwaseyi Ajayi, Tatiana Moteu Ngoli, Brian Odhiambo, Abraham Toluwase Owodunni, Nnaemeka C. Obiefuna, Shamsuddeen Hassan Muhammad, Saheed Salahudeen Abdullahi, Mesay Gemeda Yigezu, Tajuddeen Gwadabe, Idris Abdulmumin, Mahlet Taye Bame, Oluwabusayo Olufunke Awoyomi, Iyanuoluwa Shode, Tolulope Anu Adelani, Habiba Abdulganiy Kailani, Abdul-Hakeem Omotayo, Adetola Adeeko, Afolabi Abeeb, Anuoluwapo Aremu, Olanrewaju Samuel, Clemencia Siro, Wangari Kimotho, Onyekachi Raphael Ogbu, Chinedu E. Mbonu, Chiamaka I. Chukwuneke, Mofetoluwa Adeyemi, Gilles Hacheme, Idris Abdulmumin, Odunayo Ogundepo, Oreen Yousuf, Tatiana Moteu Ngoli, and Dietrich Klakow. 2022b. Masakhaner 2.0: Africa-centric transfer learning for named entity recognition. ArXiv.

Please note that the exact citation style may vary depending on your institution or personal preference. - Scores: 0.42, 0.50, 0.51, 0.52, 0.52, 0.53, 0.53, 0.55, 0.56, 0.57
2024-10-14 01:06:47,895 - INFO - Model: nomic-embed-text - Answer: This text appears to be a research paper or a presentation on Large Language Models (LLMs) and their applications, particularly in the context of African languages. Here's a summary of the main points:

**Introduction**

* The text mentions various researchers and their work on LLMs for natural language processing tasks.
* It highlights the importance of developing efficient LLMs that can handle multiple modalities, such as visual comprehension and reasoning.

**LLMs for African Languages**

* The paper focuses on recent research on LLMs for African languages, including:
	+ Creating linguistic resources
	+ Developing adapted models
	+ Improving performance of LLMs for these languages

**Prompting LLMs**

* The authors explore different prompting strategies for LLMs, including:
	+ Multiple prompts (direct) using four slightly different prompts at random curated for each task in five languages.
	+ Single prompt – English using one English prompt curated for each task.
	+ Single prompt – Native using one prompt in the language curated for each task.

**Results**

* The authors present results for sentiment analysis tasks on three African languages: Swahili (swa), Hausa (hau), and Yoruba (yor).
* They report performance of various LLMs, including InkubaLM-0.4B, using native prompts in a zero-shot setting.

**Conclusion**

* The paper highlights the potential of smaller language models in sophisticated tasks while maintaining greater resource efficiency.
* It demonstrates the importance of developing efficient LLMs for African languages and exploring different prompting strategies to improve performance.

Overall, this text appears to be a research paper that explores the development and application of LLMs for natural language processing tasks in African languages. - Scores: 0.37, 0.45, 0.46, 0.49, 0.49, 0.49, 0.55, 0.56, 0.57, 0.58
2024-10-14 01:06:47,895 - INFO - Model: nomic-embed-text - Answer: This text appears to be a research paper about language models, specifically the development of a small language model called InkubaLM for low-resource languages in Africa. Here's a summary of the main points:

**Introduction**

* The field of Natural Language Processing (NLP) has seen significant growth with Large Language Models (LLMs).
* LLMs have been developed and trained on high-resource languages, leaving a need for models that are efficient, accessible, and locally relevant for low-resource languages.

**InkubaLM Model**

* InkubaLM is a small language model with 0.4 billion parameters.
* It achieves performance comparable to larger models on tasks such as machine translation, question-answering, and sentiment analysis.
* The model outperforms many larger models in sentiment analysis and demonstrates consistency across multiple languages.

**Datasets**

* Two datasets are presented: Inkuba-Mono (monolingual pre-training) and Inkuba-Instruct (instruction fine-tuning) for five African languages: Hausa, Yoruba, Swahili, isiZulu, and isiXhosa.
* The datasets were collected from open-source repositories on Hugging Face, Github, Zenodo, and other platforms.

**Key Findings**

* InkubaLM outperforms larger models in sentiment analysis and demonstrates consistency across multiple languages.
* The model's small size and efficient training process make it suitable for deployment in resource-constrained environments.

**Conclusion**

* This work represents a significant advancement in challenging the conventional paradigm that effective language models must rely on substantial resources.
* The InkubaLM model and datasets are publicly available to encourage research and development on low-resource languages. - Scores: 0.40, 0.43, 0.45, 0.46, 0.47, 0.52, 0.53, 0.53, 0.53, 0.54
2024-10-14 01:06:47,895 - INFO - Model: mxbai-embed-large - Answer: This text does not appear to be a traditional research paper or academic article. Instead, it seems to be a summary of a research project related to natural language processing (NLP) and machine learning.

The text describes the development of a new language model called InkubaLM, which is designed to perform well on tasks such as machine translation, question-answering, and sentiment analysis for low-resource languages in Africa. The model has 0.4 billion parameters and achieves performance comparable to larger models with more extensive training data.

The text also mentions the use of three prompts to evaluate the performance of InkubaLM: (1) multiple prompts in different languages, (2) a single prompt in English, and (3) a single prompt in the native language for each task. The results are presented in tables and show that InkubaLM performs well on sentiment analysis tasks for African languages.

The text concludes by stating that the model and its datasets are publicly available to encourage research and development on low-resource languages.

Some key points from the text include:

* InkubaLM is a small language model with 0.4 billion parameters
* The model achieves performance comparable to larger models with more extensive training data
* InkubaLM performs well on machine translation, question-answering, and sentiment analysis tasks for low-resource languages in Africa
* The model uses three prompts to evaluate its performance: multiple prompts in different languages, a single prompt in English, and a single prompt in the native language for each task.
* The results show that InkubaLM performs well on sentiment analysis tasks for African languages.

Overall, this text appears to be a summary of research findings related to the development of a new language model for low-resource languages in Africa. - Scores: 0.41, 0.42, 0.43, 0.44, 0.44, 0.45, 0.46, 0.46, 0.48, 0.50
2024-10-14 01:06:47,895 - INFO - Model: mxbai-embed-large - Answer: This text appears to be a summary of the results of a language model comparison experiment on African languages, specifically focusing on English-to-African and African-to-English translations.

The main findings are:

1. **InkubaLM-0.4B**: Demonstrates strong performance in English-to-African language translation, particularly excelling in isiZulu. However, its performance across different languages is variable.
2. **Comparison with other models**:
	* LLaMa 3-8B outperforms InkubaLM-0.4B across all African languages, especially in Xhosa and Swahili.
	* lola_v1-7.4B achieves the second-highest average score but shows inconsistent performance across different languages.
	* SmolLM-1.7B and MobiLlama-1B perform relatively poorly compared to InkubaLM-0.4B.

The analysis suggests that while InkubaLM-0.4B is effective in specific instances, it may benefit from further tuning and optimization to improve its overall translation performance.

Some key statistics mentioned include:

* English-to-African language translation: InkubaLM-0.4B's average BLEU score is 8.15.
* African languages to English translation: InkubaLM-0.4B's average BLEU score is 6.78, with notable strengths in Xhosa (10.06) and Swahili (5.29).
* LLaMa 3-8B's performance: Average BLEU score of 17.06, significantly higher than InkubaLM-0.4B.

Overall, the text highlights the importance of model comparison and analysis to identify strengths and weaknesses in language translation tasks. - Scores: 0.45, 0.46, 0.46, 0.48, 0.49, 0.52, 0.52, 0.53, 0.55, 0.58
2024-10-14 01:06:47,895 - INFO - Model: mxbai-embed-large - Answer: The provided text discusses the Irokobench dataset and its significance in the development of African language models, such as InkubaLM. The limitations of the InkubaLM model are mentioned, including its ability to understand and generate content in only five African languages.

Some key points about the Irokobench dataset and its related research include:

1. **Irokobench**: A new benchmark for African languages in the age of large language models.
2. **InkubaLM**: A multilingual model that has been trained on a limited number of African languages, including Swahili, Yoruba, Hausa, isiZulu, and isiXhosa, as well as English and French.
3. **Limitations**: The InkubaLM model can understand and generate content in only five African languages, which is a limitation compared to other language models that can process multiple languages simultaneously.
4. **Research directions**: The development of more powerful and resilient African language models, such as Smollm, which is described as blazingly fast and remarkably powerful.

The research discussed in the text highlights the importance of developing language models that can effectively process and understand African languages, particularly in a context where these languages are often underrepresented or overlooked. The creation of datasets like Irokobench and the development of models like InkubaLM and Smollm demonstrate a growing interest in addressing this gap and promoting greater representation and understanding of African languages in the field of natural language processing. - Scores: 0.33, 0.43, 0.45, 0.45, 0.45, 0.46, 0.46, 0.46, 0.46, 0.47
2024-10-14 01:06:47,895 - INFO - Testing main model: llama3.1
2024-10-14 01:06:49,845 - INFO - Items added to index for model: nomic-embed-text
2024-10-14 01:07:54,578 - INFO - Items added to index for model: mxbai-embed-large
2024-10-14 01:08:30,118 - INFO - Testing completed for main model: llama3.1
2024-10-14 01:08:30,118 - INFO - Model: nomic-embed-text - Answer: It appears that the provided text is a list of academic papers with authors, titled "Adelani et al." The specific papers mentioned include:

1. **Sib-200: A simple, inclusive, and big evaluation dataset for topic classification in 200+ languages and dialects** (2023a)
	* Authors: David Ifeoluwa Adelani, Hannah Liu, Xiaoyu Shen, Nikita Vassilyev, Jesujoba O. Alabi, Yanke Mao, Haonan Gao, and Annie En-Shiun Lee
2. **Masakhanews: News topic classification for African languages** (2023b)
	* Authors: David Ifeoluwa Adelani, Marek Masiak, Israel Abebe Azime, Jesujoba Oluwadara Alabi, Atnafu Lambebo Tonja, Christine Mwase, Odunayo Ogundepo, Bonaventure F.P. Dossou, Akintunde Oladipo, Doreen Nixdorf, Chris Chinenye Emezue, Sana Sabah al azzawi, Blessing K. Sibanda, Davis David, Lolwethu Ndolela, Jonathan Mukiibi, Tunde Oluwaseyi Ajayi, Tatiana Moteu Ngoli, Brian Odhiambo, Abraham Toluwase Owodunni, Nnaemeka C. Obiefuna, Shamsuddeen Hassan Muhammad, Saheed Salahudeen Abdullahi, Mesay Gemeda Yigezu, Tajuddeen Gwadabe, Idris Abdulmumin, Mahlet Taye Bame, Oluwabusayo Olufunke Awoyomi, Iyanuoluwa Shode, Tolulope Anu Adelani, Habiba Abdulganiy Kailani, Abdul-Hakeem Omotayo, Adetola Adeeko, Afolabi Abeeb, Anuoluwapo Aremu, Olanrewaju Samuel, Clemencia Siro, Wangari Kimotho, Onyekachi Raphael Ogbu, Chinedu E. Mbonu, Chiamaka I. Chukwuneke, Samuel Fanijo, Jessica Ojo, Oyinkansola F. Awosan, Tadesse Kebede Guge, Sakayo Toadoum Sari, Pamela Nyatsine, Freedmore Sidume, Oreen Yousuf, Mardiyyah Oduwole, Ussen Kimanuka, Kanda Patrick Tshinu, Thina Diko, Siyanda Nxakama, Abdulmejid Tuni Johar, Sinodos Gebre, Muhidin Mohamed, Shafie Abdi Mohamed, Fuad Mire Hassan, Moges Ahmed Mehamed, Evrard Ngabire,, and Pontus Stenetorp
3. **Masakhaner 2.0: Africa-centric transfer learning for named entity recognition** (2022b)
	* Authors: David Ifeoluwa Adelani, Graham Neubig, Sebastian Ruder, Shruti Rijhwani, Michael Beukman, Chester Palen-Michel, Constantine Lignos, Jesujoba Oluwadara Alabi, Shamsuddeen Hassan Muhammad, Peter Nabende, Cheikh M. Bamba Dione, Andiswa Bukula, Rooweither Mabuya, Bonaventure F.P. Dossou, Blessing K. Sibanda, Happy Buzaaba, Jonathan Mukiibi, Godson Kalipe, Derguene Mbaye, Amelia Taylor, Fatoumata Kabore, Chris C. Emezue, Anuoluwapo Aremu, Perez Ogayo, Catherine W. Gitau, Edwin Munkoh-Buabeng, Victoire Memdjokam Koagne, Allahsera Auguste Tapo, Tebogo Macucwa, Vukosi Marivate, Elvis Mboning, Tajuddeen R. Gwadabe, Tosin P. Adewumi, Orevaoghene Ahia, Joyce Nakatumba-Nabende, Neo L. Mokono, Ignatius Ezeani, Chiamaka Ijeoma Chukwuneke, Mofetoluwa Adeyemi, Gilles Hacheme, Idris Abdulmumin, Odunayo Ogundepo, Oreen Yousuf, Tatiana Moteu Ngoli, and Dietrich Klakow

These papers appear to be related to the development of language models, specifically for languages spoken in Africa. The topics covered include:

* Sib-200: A simple, inclusive, and big evaluation dataset for topic classification in 200+ languages and dialects
* Masakhanews: News topic classification for African languages
* Masakhaner 2.0: Africa-centric transfer learning for named entity recognition

The authors of these papers are a diverse group of researchers from various institutions, indicating a collaborative effort to develop more effective language models for African languages. - Scores: 0.42, 0.50, 0.51, 0.52, 0.52, 0.53, 0.53, 0.55, 0.56, 0.57
2024-10-14 01:08:30,118 - INFO - Model: nomic-embed-text - Answer: The text discusses various research studies related to smaller language models (SLMs) and their applications in natural language processing tasks, such as multi-modal dialogue systems, SPARQL query translation, speech synthesis, and machine translation for African languages.

Here are some specific points mentioned in the text:

1. **LLA-Phi**: A multi-modal assistant that leverages the small language model Phi-2 to facilitate dialogues across various modalities. Despite having only 2.7 billion parameters, LLaVA-Phi demonstrated impressive performance on visual comprehension and reasoning tasks.
2. **Small-E Model**: Introduced by Lemerle et al. (2024), a compact language model enhanced with linear attention, which set a new benchmark in zero-shot voice cloning.
3. **SPARQL Query Translation**: Brei et al. (2024) used BART and M2M100 models to translate natural language into SPARQL queries across datasets like QALD and CoyPu, achieving solid results.
4. **Sparse Activation**: Song et al. (2024) focused on achieving sparse activation in SLMs by developing a new attribution metric, successfully sparsifying the activations by 80% with minimal accuracy loss comparable to larger models.

The text also mentions that recent research on LLMs for African languages focuses on creating linguistic resources, adapting models, and improving performance. Three prompts are explored for the Inkuba-Instruct dataset: multiple prompts (direct), single English prompt, and single native language prompt. The results of these studies are discussed in Section 7.

Overall, the text highlights the potential of smaller language models to achieve impressive performance on various NLP tasks while being more resource-efficient than larger models. - Scores: 0.37, 0.45, 0.46, 0.49, 0.49, 0.49, 0.55, 0.56, 0.57, 0.58
2024-10-14 01:08:30,118 - INFO - Model: nomic-embed-text - Answer: The text you provided is a research paper about a language model called InkubaLM, which is designed to work with low-resource languages in Africa. Here's a summary of the paper:

**Introduction**

The paper discusses the limitations of large language models (LLMs) in the African context, where there is a need for efficient, accessible, and locally relevant models despite computing and data constraints.

**Methodology**

The researchers introduce InkubaLM, a small language model with 0.4 billion parameters, which achieves performance comparable to larger models on tasks such as machine translation, question-answering, AfriMMLU, and the AfriXnli task. The model is trained on a monolingual dataset called Inkuba-Mono, which consists of open-source data from five African languages (Hausa, Yoruba, Swahili, isiZulu, and isiXhosa).

**Results**

The paper reports that InkubaLM outperforms many larger models in sentiment analysis and demonstrates remarkable consistency across multiple languages. The model's performance is comparable to larger models on tasks such as machine translation and question-answering.

**Conclusion**

The researchers conclude that InkubaLM represents a pivotal advancement in challenging the conventional paradigm that effective language models must rely on substantial resources. They also highlight the importance of developing low-resource language models for African languages, which are often overlooked in NLP research.

**Additional context**

The paper provides an overview of three African languages (Swahili, Yoruba, and isiXhosa) and their characteristics. It also introduces a second dataset called Inkuba-Instruct, which is used for instruction fine-tuning.

Overall, the paper presents a new language model that can work effectively with low-resource languages in Africa, and highlights the need for more research in this area. - Scores: 0.40, 0.43, 0.45, 0.46, 0.47, 0.52, 0.53, 0.53, 0.53, 0.54
2024-10-14 01:08:30,118 - INFO - Model: mxbai-embed-large - Answer: It seems like you've provided a research paper about a language model called InkubaLM, which is designed to be efficient and accessible for low-resource languages in Africa.

Here's a summary of the key points:

1. **Introduction**: The paper discusses the limitations of large language models (LLMs) when it comes to low-resource languages, where there is a critical need for efficient, accessible, and locally relevant models.
2. **InkubaLM**: The authors introduce InkubaLM, a small language model with 0.4 billion parameters that achieves performance comparable to larger models on tasks like machine translation, question-answering, sentiment analysis, and more.
3. **Prompts**: Three prompts are used for the Inkuba-Instruct dataset: Multiple Prompts (direct), Single prompt – English, and Single prompt – Native. The paper also uses prompts from IrokoBench.
4. **Results**: The sentiment analysis results show that InkubaLM outperforms many larger models in certain tasks, particularly in sentiment analysis, and demonstrates remarkable consistency across multiple languages.

Some questions I have based on this text:

* What are the specific challenges faced by low-resource languages in Africa when it comes to NLP?
* How does InkubaLM compare to other language models in terms of performance and efficiency?
* What implications do these results have for the development of NLP applications in low-resource languages?

If you'd like me to answer any specific questions or help with further clarification, feel free to ask! - Scores: 0.41, 0.42, 0.43, 0.44, 0.44, 0.45, 0.46, 0.46, 0.48, 0.50
2024-10-14 01:08:30,118 - INFO - Model: mxbai-embed-large - Answer: The text discusses the performance of various language models on the task of zero-shot translation from African languages to English and vice versa.

Key findings:

* InkubaLM-0.4B achieves an average BLEU score of 8.15 in translating English to African languages, with its highest performance in isiZulu (21).
* In the opposite direction (African languages to English), InkubaLM-0.4B performs reasonably well but is outperformed by larger models such as LLaMa 3-8B and lola_v1-7.4B.
* Comparison with other models:
	+ SmolLM-1.7B and MobiLlama-1B perform relatively poorly in both directions, with average BLEU scores of 6.47 and 9.78 respectively (although the latter shows inconsistent performance).
	+ Gemma-7B and LLaMa 3-8B underperform compared to InkubaLM-0.4B, especially in isiZulu.
	+ lola_v1-7.4B shows inconsistent performance across languages, with high scores in isiZulu but lower scores in other languages.

Overall, the text suggests that InkubaLM-0.4B is a competitive model for specific African languages (isiZulu and Xhosa), but its performance can be variable depending on the language pair and direction of translation. Further refinement and optimization may improve its overall translation capabilities. - Scores: 0.45, 0.46, 0.46, 0.48, 0.49, 0.52, 0.52, 0.53, 0.55, 0.58
2024-10-14 01:08:30,118 - INFO - Model: mxbai-embed-large - Answer: The text discusses the importance of developing Natural Language Processing (NLP) models that are tailored to specific languages and contexts, particularly in Africa where resource constraints can limit access to digital products and services.

To address this, researchers have developed Small Language Models (SLMs) like InkubaLM, which is a multilingual model trained on African languages such as Swahili, Yoruba, Hausa, isiZulu, and isiXhosa. These models are significant because they can operate within the limitations of available computational resources and data in Africa.

The text also highlights some limitations of the InkubaLM model, including its inability to understand and generate content in all African languages. To address this, researchers have proposed new benchmarks for evaluating NLP models on African languages, such as Irokobench.

Additionally, the text mentions other research papers that explore the use of SLMs for various tasks, such as text2sparql (a task that involves converting natural language to structured data) and improving the resilience of AI assistance. These studies demonstrate the potential of SLMs to address specific challenges in Africa and beyond.

Some key points from the text include:

*   The importance of developing NLP models tailored to specific languages and contexts, particularly in Africa.
*   The significance of SLMs like InkubaLM in addressing resource constraints and enabling local communities to access digital products and services.
*   The limitations of the InkubaLM model and the need for new benchmarks like Irokobench to evaluate its performance on African languages.

Overall, the text highlights the potential of SLMs to address specific challenges in Africa and beyond, and emphasizes the importance of developing NLP models that are tailored to local contexts. - Scores: 0.33, 0.43, 0.45, 0.45, 0.45, 0.46, 0.46, 0.46, 0.46, 0.47
2024-10-16 07:03:04,191 - INFO - Fetched document from https://arxiv.org/html/2408.17024v1
2024-10-16 07:03:04,240 - INFO - Document fetched with length: 69316 characters.
2024-10-16 07:03:04,369 - INFO - Testing main model: llama3.2
2024-10-16 07:03:07,065 - INFO - Items added to index for model: nomic-embed-text
2024-10-16 07:03:32,965 - INFO - Items added to index for model: mxbai-embed-large
2024-10-16 07:03:54,387 - INFO - Testing completed for main model: llama3.2
2024-10-16 07:03:54,387 - INFO - Model: nomic-embed-text - Answer: Based on the provided text, it appears that David Ifeoluwa Adelani and his colleagues have been working on several projects related to natural language processing (NLP) and machine learning (ML), with a focus on languages spoken in Africa.

Some of their notable achievements include:

1. **Sib-200**: A dataset for topic classification in 200+ languages and dialects, which aims to promote inclusivity and diversity in NLP research.
2. **Masakhanews**: A news topic classification dataset specifically designed for African languages, which can help improve the performance of ML models on this continent.
3. **Masakhaner 2.0**: An Africa-centric transfer learning approach for named entity recognition (NER), which leverages pre-trained models and fine-tuning to adapt to African languages.

Their work has been published in various conferences and repositories, including ArXiv, which suggests that their research is contributing to the advancement of NLP and ML on the continent. - Scores: 0.42, 0.50, 0.51, 0.52, 0.52, 0.53, 0.53, 0.55, 0.56, 0.57
2024-10-16 07:03:54,387 - INFO - Model: nomic-embed-text - Answer: The text discusses research on Large Language Models (LLMs) for various tasks, including multi-modal dialogues, visual comprehension, SPARQL translation, sparse activation, and speech synthesis.

Specifically, the text highlights several studies that demonstrate the potential of smaller LLMs to achieve impressive results in sophisticated tasks while maintaining greater resource efficiency. These findings have significant implications for applications in time-sensitive environments and systems requiring real-time interaction.

The text also mentions research on LLMs for African languages, which focuses on creating linguistic resources, developing adapted models, and improving the performance of LLMs for these languages. The studies use various datasets, including Inkuba-Instruct and IrokoBench, to evaluate the performance of different language models on sentiment analysis tasks.

Some key findings and results are presented in tables, including:

* Results from the multi-modal dialogue benchmark, which demonstrate the effectiveness of LLaVA-Phi and other smaller LLMs.
* Performance metrics for SPARQL translation tasks using SLMs like BART and M2M100.
* Sparse activation ratios achieved by Song et al. (2024) in their work on achieving sparse activation in SLMs.
* Results from the speech synthesis benchmark, which demonstrate the capabilities of small models in this specialized area.

Overall, the text provides an overview of recent research on LLMs for various tasks and languages, highlighting the potential benefits of smaller models in sophisticated applications. - Scores: 0.37, 0.45, 0.46, 0.49, 0.49, 0.49, 0.55, 0.56, 0.57, 0.58
2024-10-16 07:03:54,387 - INFO - Model: nomic-embed-text - Answer: This text appears to be a research paper in the field of Natural Language Processing (NLP). The authors introduce a new language model called InkubaLM, which is designed to be efficient, accessible, and locally relevant for African languages with limited resources.

The authors highlight the need for NLP models that can perform well on tasks such as machine translation, question-answering, and sentiment analysis, but are trained on limited data and computing resources. They argue that conventional LLMs require substantial resources and data to achieve good performance, which is not feasible for many African languages.

The paper introduces the InkubaLM model, which has 0.4 billion parameters and achieves performance comparable to larger models on tasks such as machine translation, question-answering, AfriMMLU, and AfriXnli. The authors also demonstrate that InkubaLM outperforms many larger models in sentiment analysis and shows remarkable consistency across multiple languages.

The paper presents two datasets: Inkuba-Mono, a monolingual dataset for training the model, and Inkuba-Instruct, a fine-tuning dataset for instruction-based tasks. The datasets are collected from open-source repositories and cover five African languages: Hausa, Yoruba, Swahili, isiZulu, and isiXhosa.

The authors make their model and datasets publicly available to encourage research and development on low-resource languages.

Some key takeaways from the paper include:

* The need for NLP models that can perform well on tasks such as machine translation, question-answering, and sentiment analysis, but are trained on limited data and computing resources.
* The introduction of the InkubaLM model, which has 0.4 billion parameters and achieves performance comparable to larger models on tasks such as machine translation, question-answering, AfriMMLU, and AfriXnli.
* The demonstration that InkubaLM outperforms many larger models in sentiment analysis and shows remarkable consistency across multiple languages.
* The presentation of two datasets: Inkuba-Mono, a monolingual dataset for training the model, and Inkuba-Instruct, a fine-tuning dataset for instruction-based tasks.

Overall, the paper highlights the importance of developing NLP models that can handle low-resource languages with limited data and computing resources, and introduces a new model and datasets that can contribute to this effort. - Scores: 0.40, 0.43, 0.45, 0.46, 0.47, 0.52, 0.53, 0.53, 0.53, 0.54
2024-10-16 07:03:54,387 - INFO - Model: mxbai-embed-large - Answer: This text does not seem to be a paper or research article, but rather appears to be a section of a larger document that describes the introduction and methodology of a language model called InkubaLM.

The text discusses the limitations of existing large language models, which are often developed and trained on high-resource languages with extensive datasets. The author argues that these models are not well-suited for low-resource languages, where there is a critical need for models that are efficient, accessible, and locally relevant.

InkubaLM is introduced as a small language model with 0.4 billion parameters, which achieves performance comparable to larger models on tasks such as machine translation, question-answering, and sentiment analysis. The text highlights the benefits of InkubaLM, including its ability to outperform larger models in certain tasks and demonstrate remarkable consistency across multiple languages.

The text also mentions that the model's datasets are publicly available, which encourages research and development on low-resource languages. However, it does not provide a detailed analysis of the results or a discussion of the implications of the findings.

Overall, this section appears to be an introduction to InkubaLM and its benefits for language processing tasks in low-resource languages. - Scores: 0.41, 0.42, 0.43, 0.44, 0.44, 0.45, 0.46, 0.46, 0.48, 0.50
2024-10-16 07:03:54,387 - INFO - Model: mxbai-embed-large - Answer: The text you provided appears to be a summary of the results of a study on African language models, specifically the InkubaLM model. Here's a breakdown of the main points:

**Dataset statistics**

* The dataset used is called Inkuba-Mono and has 93.2 million tokens in total.
* The majority of the data (69.3%) is classified as "African only".
* The average prompt length for African languages is 4.82, while for English, it's 6.78.

**Zero-shot BLEU scores**

* InkubaLM-0.4B achieves an average BLEU score of 8.15 in African to English translation.
* Its highest performance is in isiZulu, with a score of 21.
* Comparison with other models shows that SmolLM-1.7B and MobiLlama-1B achieve an average BLEU score of 6.47.
* LLaMa 3-8B and lola_v1-7.4B outperform InkubaLM-0.4B, especially in Xhosa and Swahili.

**Analysis**

* InkubaLM-0.4B performs well in English to African languages but is variable across different languages.
* The model is optimized for specific languages, which may limit its overall translation capabilities.
* Larger models like LLaMa 3-8B and lola_v1-7.4B outperform InkubaLM-0.4B, particularly in Xhosa and Swahili.

**African languages to English (Zero-shot)**

* InkubaLM-0.4B shows moderate performance with an average BLEU score of 6.78.
* LLaMa 3-8B stands out with a significantly higher average score of 17.06.
* lola_v1-7.4B achieves the second-highest average score (10.46).
* SmolLM-1.7B and MobiLlama-1B show mixed results, with relatively lower scores in several languages.

Overall, the study suggests that while InkubaLM-0.4B is a strong model for African language translation, it may benefit from further tuning and optimization to improve its overall performance. - Scores: 0.45, 0.46, 0.46, 0.48, 0.49, 0.52, 0.52, 0.53, 0.55, 0.58
2024-10-16 07:03:54,387 - INFO - Model: mxbai-embed-large - Answer: Based on the provided text, here are some key points about the InkubaLM model:

**Key Features:**

* The InkubaLM model is a large language model that has been trained on multilingual datasets.
* It can understand and generate content in five African languages (Swahili, Yoruba, Hausa, isiZulu, and isiXhosa) as well as English and French.
* The model represents a significant step forward in exploring new possibilities beyond traditional assumptions about language models.

**Limitations:**

* The InkubaLM model has limitations in terms of its training data and computational resources, which may limit its ability to understand and generate content in other languages or contexts.
* It is not clear whether the model can be used for tasks that require more complex linguistic analysis or understanding.

**Related Work:**

* The development of the InkubaLM model is related to the broader field of large language models and their applications in natural language processing (NLP).
* Other research efforts, such as Irokobench, aim to create new benchmarks for African languages and improve the performance of NLP models on these languages.

Overall, the InkubaLM model represents an important step forward in exploring the potential of language models for understanding and generating content in African languages. However, its limitations highlight the need for further research and development to improve the performance and applicability of these models. - Scores: 0.33, 0.43, 0.45, 0.45, 0.45, 0.46, 0.46, 0.46, 0.46, 0.47
2024-10-16 07:03:54,387 - INFO - Testing main model: llama3.1
2024-10-16 07:03:56,093 - INFO - Items added to index for model: nomic-embed-text
2024-10-16 07:04:57,142 - INFO - Items added to index for model: mxbai-embed-large
2024-10-16 07:05:34,688 - INFO - Testing completed for main model: llama3.1
2024-10-16 07:05:34,688 - INFO - Model: nomic-embed-text - Answer: It seems like you're sharing a list of references related to language models and African languages, specifically the development of adapted models and the improvement of their performance.

Here are the extracted references in a formatted style:

1. **Adelani et al. (2023a)**
David Ifeoluwa Adelani, Hannah Liu, Xiaoyu Shen, Nikita Vassilyev, Jesujoba O. Alabi, Yanke Mao, Haonan Gao, and Annie En-Shiun Lee.
Sib-200: A simple, inclusive, and big evaluation dataset for topic classification in 200+ languages and dialects.

2. **Adelani et al. (2023b)**
David Ifeoluwa Adelani, Marek Masiak, Israel Abebe Azime, Jesujoba Oluwadara Alabi, Atnafu Lambebo Tonja, Christine Mwase, Odunayo Ogundepo, Bonaventure F. P. Dossou, Akintunde Oladipo, Doreen Nixdorf, Chris Chinenye Emezue, Sana Sabah al azzawi, Blessing K. Sibanda, Davis David, Lolwethu Ndolela, Jonathan Mukiibi, Tunde Oluwaseyi Ajayi, Tatiana Moteu Ngoli, Brian Odhiambo, Abraham Toluwase Owodunni, Nnaemeka C. Obiefuna, Shamsuddeen Hassan Muhammad, Saheed Salahudeen Abdullahi, Mesay Gemeda Yigezu, Tajuddeen Gwadabe, Idris Abdulmumin, Mahlet Taye Bame, Oluwabusayo Olufunke Awoyomi, Iyanuoluwa Shode, Tolulope Anu Adelani, Habiba Abdulganiy Kailani, Abdul-Hakeem Omotayo, Adetola Adeeko, Afolabi Abeeb, Anuoluwapo Aremu, Olanrewaju Samuel, Clemencia Siro, Wangari Kimotho, Onyekachi Raphael Ogbu, Chinedu E. Mbonu, Chiamaka I. Chukwuneke, Samuel Fanijo, Jessica Ojo, Oyinkansola F. Awosan, Tadesse Kebede Guge, Sakayo Toadoum Sari, Pamela Nyatsine, Freedmore Sidume, Oreen Yousuf, Mardiyyah Oduwole, Ussen Kimanuka, Kanda Patrick Tshinu, Thina Diko, Siyanda Nxakama, Abdulmejid Tuni Johar, Sinodos Gebre, Muhidin Mohamed, Shafie Abdi Mohamed, Fuad Mire Hassan, Moges Ahmed Mehamed, Evrard Ngabire,, and Pontus Stenetorp.
Masakhanews: News topic classification for African languages. ArXiv.

3. **Adelani et al. (2022b)**
David Ifeoluwa Adelani, Graham Neubig, Sebastian Ruder, Shruti Rijhwani, Michael Beukman, Chester Palen-Michel, Constantine Lignos, Jesujoba Oluwadara Alabi, Shamsuddeen Hassan Muhammad, Peter Nabende, Cheikh M. Bamba Dione, Andiswa Bukula, Rooweither Mabuya, Bonaventure F. P. Dossou, Blessing K. Sibanda, Happy Buzaaba, Jonathan Mukiibi, Godson Kalipe, Derguene Mbaye, Amelia Taylor, Fatoumata Kabore, Chris C. Emezue, Anuoluwapo Aremu, Perez Ogayo, Catherine W. Gitau, Edwin Munkoh-Buabeng, Victoire Memdjokam Koagne, Allahsera Auguste Tapo, Tebogo Macucwa, Vukosi Marivate, Elvis Mboning, Tajuddeen R. Gwadabe, Tosin P. Adewumi, Orevaoghene Ahia, Joyce Nakatumba-Nabende, Neo L. Mokono, Ignatius M Ezeani, Chiamaka Ijeoma Chukwuneke, Mofetoluwa Adeyemi, Gilles Hacheme, Idris Abdulmumin, Odunayo Ogundepo, Oreen Yousuf, Tatiana Moteu Ngoli, and Dietrich Klakow.
Masakhaner 2.0: Africa-centric transfer learning for named entity recognition. ArXiv, abs/2210.12391.

These references appear to be related to the development of adapted models and the improvement of their performance for African languages, with a focus on topic classification and named entity recognition. - Scores: 0.42, 0.50, 0.51, 0.52, 0.52, 0.53, 0.53, 0.55, 0.56, 0.57
2024-10-16 07:05:34,689 - INFO - Model: nomic-embed-text - Answer: The text appears to be discussing the performance of language models (LLMs) on various tasks, particularly in the context of African languages. Here are some specific points that can be inferred:

1. **VA-Phi**: A multi-modal assistant that uses the Phi-2 small language model to facilitate dialogues. It achieved good results across benchmarks despite having only 2.7 billion parameters.

2. **Efficiency in NLP tasks**: Brei et al. (2024) used SLMs (small language models) like BART and M2M100 for translating natural language into SPARQL queries, achieving solid results but with T5 models struggling with accuracy.

3. **Sparse activation**: Song et al. (2024) worked on sparse activation in SLMs by developing a new attribution metric. They achieved an 80% sparsification ratio with minimal accuracy loss comparable to larger models.

4. **Speech synthesis**: Lemerle et al. (2024) introduced the Small-E model, enhanced with linear attention, which set a new benchmark in zero-shot voice cloning, demonstrating the capabilities of small models in speech synthesis.

5. **LLMs for African languages**: Research focuses on creating linguistic resources, adapting models, and improving performance for these languages.

6. **Prompts for Inkuba-Instruct dataset**:
    - Three prompts are explored: Multiple Prompts (direct), Single prompt – English, and Single prompt – Native.
    - Table 5 shows samples of prompt templates used for machine translation and sentiment analysis tasks.

7. **Results for Sentiment Analysis**:
    - Results are presented in Table 6 for InkubaLM-0.4B on Swahili (swa), Hausa (hau), and Yoruba (yor) languages, using English prompts.
    - The results highlight the performance of various language models.

However, without seeing the specific text or data used in these analyses, it's difficult to provide more detailed insights or understand the implications of these findings. - Scores: 0.37, 0.45, 0.46, 0.49, 0.49, 0.49, 0.55, 0.56, 0.57, 0.58
2024-10-16 07:05:34,689 - INFO - Model: nomic-embed-text - Answer: This text appears to be a research paper on developing an efficient language model for African languages, specifically the "InkubaLM" model. The authors discuss the challenges of building effective language models for low-resource languages with limited computing and data resources. They present their own small language model (0.4 billion parameters) that achieves comparable performance to larger models on various tasks.

Some key points from the text include:

*   Introduction of InkubaLM, a small language model (0.4 billion parameters) that challenges conventional wisdom that effective models require substantial resources.
*   Presentation of two datasets: Inkuba-Mono (for monolingual pre-training) and Inkuba-Instruct (for instruction fine-tuning) for five African languages.
*   Discussion of the limitations of large language models in addressing specific needs of African context, including data and computing constraints.

The paper also mentions the collection of open-source datasets from various platforms (Hugging Face, GitHub, Zenodo) to train the InkubaLM model. The statistics provided in Table 1 indicate that the Inkuba-Mono dataset includes a large number of sentences and tokens across five languages, with an emphasis on African languages.

Overall, this research paper aims to contribute to the development of more efficient and accessible language models for low-resource languages, making them more suitable for use in various applications. - Scores: 0.40, 0.43, 0.45, 0.46, 0.47, 0.52, 0.53, 0.53, 0.53, 0.54
2024-10-16 07:05:34,689 - INFO - Model: mxbai-embed-large - Answer: The passage discusses a new small language model called InkubaLM, which has 0.4 billion parameters and achieves performance comparable to larger models on tasks like machine translation, question-answering, sentiment analysis, and more. The authors highlight the importance of developing efficient and locally relevant models for low-resource languages in Africa, where computing and data constraints are significant.

The passage also mentions three prompts used for evaluating the Inkuba-Instruct dataset:

1. Multiple Prompts (direct): four slightly different prompts at random curated for each task in five languages.
2. Single prompt – English: one English prompt curated for each task.
3. Single prompt – Native: one prompt in the native language curated for each task.

The authors report results for all tasks using native prompts, and highlight the performance of various language models on sentiment analysis tasks for three African languages: Swahili (swa), Hausa (hau), and Yoruba (yor).

Here is a summary of the main points:

* InkubaLM is a small language model with 0.4 billion parameters that achieves comparable performance to larger models.
* The model is designed for low-resource languages in Africa, where computing and data constraints are significant.
* Three prompts are used for evaluating the Inkuba-Instruct dataset: Multiple Prompts (direct), Single prompt – English, and Single prompt – Native.
* Results for sentiment analysis tasks show that InkubaLM outperforms many larger models, particularly on Swahili, Hausa, and Yoruba languages. - Scores: 0.41, 0.42, 0.43, 0.44, 0.44, 0.45, 0.46, 0.46, 0.48, 0.50
2024-10-16 07:05:34,689 - INFO - Model: mxbai-embed-large - Answer: This text discusses the performance of various language models on African language translation tasks, specifically English-to-African languages and African-to-English languages.

**Key Findings:**

1. **InkubaLM-0.4B** shows strong performance in translating English to isiZulu (average BLEU score: 8.15) and reasonable performance across other African languages.
2. In the reverse direction (African-to-English), InkubaLM-0.4B achieves an average BLEU score of 6.78, with notable strengths in Xhosa (10.06) and Swahili (5.29).
3. **LLaMa 3-8B** outperforms InkubaLM-0.4B across all African languages, achieving a significantly higher average BLEU score of 17.06.
4. Other models, such as **lola_v1-7.4B**, **BLOOMZ-7B**, and **SmolLLM-1.7B**, also perform well in specific tasks or languages.

**Analysis:**

* InkubaLM-0.4B demonstrates competitive performance, particularly when translating English to isiZulu.
* Further refinement and optimization may enhance its overall translation capabilities.
* Larger models like LLaMa 3-8B and lola_v1-7.4B outperform InkubaLM-0.4B in certain tasks, highlighting the potential for improved performance with larger model sizes.

The text presents a comprehensive evaluation of various language models on African language translation tasks, providing insights into their strengths and weaknesses. - Scores: 0.45, 0.46, 0.46, 0.48, 0.49, 0.52, 0.52, 0.53, 0.55, 0.58
2024-10-16 07:05:34,689 - INFO - Model: mxbai-embed-large - Answer: The text discusses the importance of developing and utilizing Small Language Models (SLMs) like InkubaLM, which can be trained within the limitations of available computational resources and data in Africa. These models have the potential to enable local communities to address context-specific challenges and provide broadened access to digital products and services.

Some key points mentioned in the text include:

*   The traditional emphasis on written histories and extensive text-based corpora has constrained the imagination of NLP, leading to a lack of representation for African languages.
*   SLMs like InkubaLM represent a significant step forward in exploring new possibilities beyond these conventional assumptions.
*   These models can understand and generate content in multiple African languages, as well as English and French.
*   The Irokobench benchmark is mentioned as a new standard for evaluating the performance of SLMs on African languages.

The text also references various research papers that discuss the development and application of SLMs, including:

*   "Irokobench: A new benchmark for african languages in the age of large language models" (Adelani et al., 2024a)
*   "Smollm - blazingly fast and remarkably powerful" (Allal et al., 2024)
*   "Enhancing amharic-llama: Integrating task specific and generative datasets" (Azime et al., 2024)
*   "Leveraging small language models for text2sparql tasks to improve the resilience of ai assistance" (Brei et al., 2024)

These papers highlight the growing interest in developing SLMs that can be used to address specific challenges and provide benefits to local communities.

Overall, the text emphasizes the importance of developing and utilizing SLMs like InkubaLM, which have the potential to enable local communities to address context-specific challenges and provide broadened access to digital products and services. - Scores: 0.33, 0.43, 0.45, 0.45, 0.45, 0.46, 0.46, 0.46, 0.46, 0.47
2024-10-16 07:11:50,729 - INFO - Fetched document from https://arxiv.org/html/2408.17024v1
2024-10-16 07:11:50,777 - INFO - Document fetched with length: 69316 characters.
2024-10-16 07:11:50,870 - INFO - Testing main model: llama3.2
2024-10-16 07:11:53,260 - INFO - Items added to index for model: nomic-embed-text
2024-10-16 07:12:17,888 - INFO - Items added to index for model: mxbai-embed-large
2024-10-16 07:12:45,813 - INFO - Testing completed for main model: llama3.2
2024-10-16 07:12:45,813 - INFO - Model: nomic-embed-text - Answer: The provided text is a collection of references to research papers and datasets in the field of natural language processing (NLP) and machine learning, with a focus on languages spoken in Africa.

Here are some key points that can be inferred from the references:

1. **Dataset development**: The researchers have developed several datasets for NLP tasks, including Sib-200, Masakhanews, and Masakhaner 2.0. These datasets aim to provide more diverse and representative data for languages spoken in Africa.
2. **Language representation**: The datasets include a wide range of languages and dialects from Africa, with the goal of promoting inclusivity and diversity in NLP research.
3. **Topic classification**: The Masakhanews dataset is specifically designed for news topic classification in African languages.
4. **Named entity recognition**: The Masakhaner 2.0 dataset focuses on named entity recognition (NER) for African languages, with a focus on transfer learning and Africa-centric approaches.
5. **Collaboration and community engagement**: The research papers mention collaboration among researchers from different countries and institutions, highlighting the importance of international cooperation in promoting NLP research in Africa.

Some potential research questions that can be inferred from these references include:

1. How can we improve language representation models for African languages?
2. What are the challenges and opportunities of developing NLP datasets for diverse languages spoken in Africa?
3. Can transfer learning approaches be effective for named entity recognition in African languages?
4. How can we promote diversity and inclusivity in NLP research, particularly in the context of African languages?

Overall, these references highlight the importance of promoting linguistic diversity and inclusion in NLP research, and the need for more diverse datasets and research efforts to support this goal. - Scores: 0.42, 0.50, 0.51, 0.52, 0.52, 0.53, 0.53, 0.55, 0.56, 0.57
2024-10-16 07:12:45,813 - INFO - Model: nomic-embed-text - Answer: The provided text describes research on Small Language Models (SLMs) for natural language processing tasks, including visual comprehension, reasoning, and translation into SPARQL queries. The studies focus on improving the efficiency of these models while maintaining their performance.

Some key findings from the research include:

1. **Efficient multi-modal dialogues**: LLaVA-Phi, a small language model with 2.7 billion parameters, demonstrated commendable performance in facilitating multi-modal dialogues, opening new avenues for applications in time-sensitive environments.
2. **Sparse activation in SLMs**: Song et al. (2024) developed a new attribution metric to overcome the limitations of existing sparse activation techniques, achieving an 80% sparsification ratio with minimal accuracy loss comparable to larger models.
3. **Zero-shot voice cloning**: Lemerle et al. (2024) introduced the Small-E model, a compact language model enhanced with linear attention, setting a new benchmark in zero-shot voice cloning.
4. **LLMs for African languages**: Recent research on LLMs for African languages focuses on creating linguistic resources, developing adapted models, and improving performance for these languages.

The text also presents results from the Inkuba-Instruct dataset, including sentiment analysis tasks using native prompts in three African languages: Swahili (swa), Hausa (hau), and Yoruba (yor).

Overall, the research highlights the potential of small language models in various natural language processing tasks while maintaining resource efficiency. - Scores: 0.37, 0.45, 0.46, 0.49, 0.49, 0.49, 0.55, 0.56, 0.57, 0.58
2024-10-16 07:12:45,813 - INFO - Model: nomic-embed-text - Answer: This text is a research paper on the development of a small language model called InkubaLM, which is designed to be efficient and accessible for low-resource languages in Africa. Here's a summary of the key points:

**Background**: Large Language Models (LLMs) have dominated NLP research, but they often fall short in African contexts due to limited computing and data resources.

**InkubaLM**: The authors introduce InkubaLM, a small language model with 0.4 billion parameters, which achieves performance comparable to larger models on tasks such as machine translation, question-answering, and sentiment analysis.

**Key Features**:

1. **Efficiency**: InkubaLM is designed to be efficient and accessible for low-resource languages.
2. **Local relevance**: The model is trained on datasets from five African languages (Hausa, Yoruba, Swahili, isiZulu, and isiXhosa).
3. **Comparable performance**: InkubaLM outperforms larger models on tasks such as machine translation, question-answering, and sentiment analysis.

**Dataset**: The authors present two datasets: Inkuba-Mono (monolingual pre-training) and Inkuba-Instruct (instruction fine-tuning) for the five African languages.

**Advantages**:

1. **Low-resource languages**: InkubaLM is designed to address the limited computing and data resources available in African contexts.
2. **Publicly available**: The model and datasets are publicly available to encourage research and development on low-resource languages.

Overall, this paper presents a significant contribution to the field of NLP, demonstrating that effective language models can be developed without relying on substantial resources. - Scores: 0.40, 0.43, 0.45, 0.46, 0.47, 0.52, 0.53, 0.53, 0.53, 0.54
2024-10-16 07:12:45,813 - INFO - Model: mxbai-embed-large - Answer: This text is not a complete paper, but rather an excerpt from one. It appears to be a section on the performance of the InkubaLM model on sentiment analysis tasks for three African languages: Swahili, Hausa, and Yoruba.

The text presents results from sentiment analysis experiments using various language models, including InkubaLM-0.4B, which achieved performance comparable to larger models with more extensive training data. The excerpt highlights the significance of the model's performance on zero-shot settings using English prompts, demonstrating its ability to generalize across languages without additional training.

The text also mentions that the results were obtained in a zero-shot setting using English prompts, and that the model outperformed many larger models in sentiment analysis. It is unclear what specific metrics or evaluation methods were used to assess performance, but the excerpt suggests that InkubaLM-0.4B demonstrated remarkable consistency across multiple languages.

Overall, this section appears to be an example of how a small language model can achieve impressive results on tasks such as sentiment analysis, even with limited training data and computational resources.

Here is a summary of the main points:

* InkubaLM-0.4B achieved performance comparable to larger models with more extensive training data.
* The model performed well in sentiment analysis for three African languages: Swahili, Hausa, and Yoruba.
* The results were obtained in a zero-shot setting using English prompts.
* The model outperformed many larger models in sentiment analysis.

However, without more context or information about the experiments, evaluation methods, and specific metrics used to assess performance, it is difficult to fully understand the significance of these results. - Scores: 0.41, 0.42, 0.43, 0.44, 0.44, 0.45, 0.46, 0.46, 0.48, 0.50
2024-10-16 07:12:45,813 - INFO - Model: mxbai-embed-large - Answer: This text appears to be a summary of the results of a study on the performance of a language model called InkubaLM-0.4B in translating between African languages and English. The study compares the performance of InkubaLM-0.4B with other models, including SmolLM-1.7B, MobiLlama-1B, Gemma-7B, LLaMa 3-8B, BLOOMZ-7B, and lola_v1-7.4B.

Here are the main points of the summary:

**English to African Languages (Zero-shot)**

* InkubaLM-0.4B achieves an average BLEU score of 8.15, with its highest performance in isiZulu.
* The model shows moderate performance in other languages, with scores ranging from 3.44 in Swahili to 7.0 in Xhosa.

**Comparison with other models**

* SmolLM-1.7B and MobiLlama-1B perform similarly to InkubaLM-0.4B.
* Gemma-7B and LLaMa 3-8B generally underperform compared to InkubaLM-0.4B, especially in isiZulu.
* lola_v1-7.4B has the highest average BLEU score (9.78), but shows inconsistent performance across languages.

**African Languages to English (Zero-shot)**

* InkubaLM-0.4B achieves an average BLEU score of 6.78, with notable strengths in Xhosa (10.06) and Swahili (5.29).
* LLaMa 3-8B stands out with a significantly higher average BLEU score of 17.06.
* BLOOMZ-7B and lola_v1-7.4B also perform well, with lola_v1-7.4B achieving the second-highest average score (10.46).
* SmolLM-1.7B and MobiLlama-1B show mixed results.

**Analysis**

* InkubaLM-0.4B demonstrates strong performance in specific languages like isiZulu, but its overall performance is variable.
* Further refinement could enhance the model's capabilities while maintaining its strengths for particular tasks and languages.
* Larger models like LLaMa 3-8B outperform InkubaLM-0.4B across all languages. - Scores: 0.45, 0.46, 0.46, 0.48, 0.49, 0.52, 0.52, 0.53, 0.55, 0.58
2024-10-16 07:12:45,813 - INFO - Model: mxbai-embed-large - Answer: The text discusses the development of a new large language model (LLM) called InkubaLM, which is designed to improve the efficiency and effectiveness of African languages in the age of large language models. The model has been trained on multilingual datasets and can understand and generate content in five African languages: Swahili, Yoruba, Hausa, isiZulu, and isiXhosa, as well as English and French.

The limitations of the InkubaLM model are mentioned, including its ability to only understand and generate content in these five African languages. However, the development of Irokobench, a new benchmark for African languages, aims to address this limitation by providing a standardized evaluation framework for LLMs in African languages.

Additionally, other research papers are cited, including:

* "Smollm - blazingly fast and remarkably powerful" (2024), which discusses a new approach to building small language models that is faster and more powerful than traditional approaches.
* "Enhancing Amharic-LLAMA: Integrating Task-Specific and Generative Datasets" (2024), which presents a method for improving the performance of LLMs in Amharic by integrating task-specific and generative datasets.
* "Leveraging Small Language Models for Text2Sparql Tasks to Improve the Resilience of AI Assistance" (2024), which explores the use of small language models for text-to-SQL tasks and their potential applications in improving AI assistance.

Finally, a paper on "Language models are few-shot learners" (2020) is cited, which presents evidence that language models can be trained to perform a wide range of tasks with only a few examples, highlighting the potential of LLMs for real-world applications. - Scores: 0.33, 0.43, 0.45, 0.45, 0.45, 0.46, 0.46, 0.46, 0.46, 0.47
2024-10-16 07:12:45,813 - INFO - Testing main model: llama3.1
2024-10-16 07:12:47,578 - INFO - Items added to index for model: nomic-embed-text
2024-10-16 07:13:25,512 - INFO - Items added to index for model: mxbai-embed-large
2024-10-16 07:14:26,145 - INFO - Testing completed for main model: llama3.1
2024-10-16 07:14:26,145 - INFO - Model: nomic-embed-text - Answer: It seems like you're referencing a series of papers by David Ifeoluwa Adelani and colleagues on language models and NLP tasks in African languages.

To provide a concise summary, here are the three papers mentioned:

1. **Adelani et al. (2023a)**: "Sib-200: A simple, inclusive, and big evaluation dataset for topic classification in 200+ languages and dialects". This paper presents the Sib-200 dataset, which is a large-scale collection of texts from over 200 languages and dialects for the task of topic classification.
2. **Adelani et al. (2023b)**: "Masakhanews: News topic classification for African languages". This paper introduces Masakhanews, a dataset for news topic classification in African languages. The authors also explore the performance of various machine learning models on this task.
3. **Adelani et al. (2022b)**: "Masakhaner 2.0: Africa-centric transfer learning for named entity recognition". This paper presents Masakhaner 2.0, a framework for adapting pre-trained language models to named entity recognition (NER) in African languages. The authors demonstrate the effectiveness of their approach on several NER tasks.

These papers contribute to the development of adapted models and improved performance of language models for African languages. - Scores: 0.42, 0.50, 0.51, 0.52, 0.52, 0.53, 0.53, 0.55, 0.56, 0.57
2024-10-16 07:14:26,145 - INFO - Model: nomic-embed-text - Answer: The text discusses recent research on small language models (SLMs) and their applications in various tasks such as multi-modal dialogues, natural language processing, speech synthesis, and machine translation for African languages.

The specific points mentioned are:

1. LLaVA-Phi: A multi-modal assistant that uses the Phi-2 model to facilitate conversations, achieving commendable performance with only 2.7 billion parameters.
2. Efficient SLMs: Researchers have employed BART and M2M100 models in SPARQL translation tasks, while T5 models struggled with accuracy.
3. Sparse activation: Song et al. developed a new attribution metric to achieve an 80% sparsification ratio in SLMs without significant accuracy loss.
4. Small-E model: Lemerle et al. introduced a compact language model enhanced with linear attention, setting a new benchmark in zero-shot voice cloning.

The text also mentions the importance of adapting LLMs for African languages, including:

1. Creating linguistic resources
2. Developing adapted models
3. Improving performance on these languages

In terms of prompts, the authors explore three types:

1. Multiple Prompts (direct)
2. Single prompt – English
3. Single prompt – Native

They use Table 5 to show sample prompt templates for machine translation and sentiment analysis tasks.

Lastly, the text presents results for sentiment analysis using InkubaLM-0.4B on three African languages: Swahili, Hausa, and Yoruba, achieved in a zero-shot setting using English prompts, as shown in Table 6. - Scores: 0.37, 0.45, 0.46, 0.49, 0.49, 0.49, 0.55, 0.56, 0.57, 0.58
2024-10-16 07:14:26,145 - INFO - Model: nomic-embed-text - Answer: The paper presents a new language model called InkubaLM that achieves performance comparable to larger models on various tasks such as machine translation, question-answering, AfriMMLU, and sentiment analysis, despite having only 0.4 billion parameters, which is significantly smaller than many other popular language models. The paper also introduces two datasets: Inkuba-Mono (for monolingual pre-training) and Inkuba-Instruct (for instruction fine-tuning), for five African languages.

The main contributions of the paper are:

1. **InkubaLM model**: A small language model with 0.4 billion parameters that achieves performance comparable to larger models on various tasks.
2. **Efficient and accessible**: The model is efficient, accessible, and locally relevant in the African context, where there are significant computing and data constraints.
3. **Datasets for low-resource languages**: Two new datasets, Inkuba-Mono and Inkuba-Instruct, are presented for five African languages, which can be used to train language models for these languages.

The paper also highlights the challenges of developing effective language models for low-resource languages and the importance of making language models more efficient, accessible, and locally relevant in the African context. - Scores: 0.40, 0.43, 0.45, 0.46, 0.47, 0.52, 0.53, 0.53, 0.53, 0.54
2024-10-16 07:14:26,145 - INFO - Model: mxbai-embed-large - Answer: The text does not provide any questions to be answered. It appears to be a research paper discussing the performance of a language model called InkubaLM on various tasks such as machine translation, question-answering, sentiment analysis, and others. The paper also discusses the importance of developing efficient models for low-resource languages.

However, if you would like me to summarize or answer questions related to the content of this text, please let me know what specific information you are looking for, and I'll do my best to assist you! - Scores: 0.41, 0.42, 0.43, 0.44, 0.44, 0.45, 0.46, 0.46, 0.48, 0.50
2024-10-16 07:14:26,145 - INFO - Model: mxbai-embed-large - Answer: The text describes the performance of various language models (LLMs) on African languages translation tasks.

**Key points:**

1. **English to African Languages (Zero-shot):**
	* InkubaLM-0.4B achieves an average BLEU score of 8.15, with its highest performance in isiZulu.
	* It outperforms other models in several languages, except for LLaMa 3-8B in Swahili.
2. **African Languages to English (Zero-shot):**
	* InkubaLM-0.4B shows moderate performance with an average BLEU score of 6.78.
	* It is outperformed by larger models like LLaMa 3-8B, which achieves a significantly higher average BLEU score of 17.06.

**Models' performances:**

1. **InkubaLM-0.4B:** Performs well in English to African languages translation, especially in isiZulu.
2. **SmolLM-1.7B and MobiLlama-1B:** Show mixed results, with relatively lower scores in several languages compared to InkubaLM-0.4B.
3. **Gemma-7B and LLaMa 3-8B:** Generally underperform compared to InkubaLM-0.4B, especially in isiZulu.
4. **lola_v1-7.4B:** Shows inconsistent performance across languages, with particularly high scores in isiZulu but lower scores in other languages.

Overall, the results suggest that while InkubaLM-0.4B demonstrates strong performance in specific languages and translation directions, it may benefit from further refinement to improve its overall translation capabilities. - Scores: 0.45, 0.46, 0.46, 0.48, 0.49, 0.52, 0.52, 0.53, 0.55, 0.58
2024-10-16 07:14:26,145 - INFO - Model: mxbai-embed-large - Answer: The text discusses the importance of developing and utilizing Language Models (LMs) in African languages, particularly in the context of limited computational resources and data availability on the continent. The author highlights the InkubaLM model as a significant step forward in exploring new possibilities beyond conventional assumptions.

Key points:

*   **InkubaLM**: A multilingual language model trained on datasets from five African languages (Swahili, Yoruba, Hausa, isiZulu, and isiXhosa), English, and French.
*   **Limitations**: Although the InkubaLM model has been trained on multilingual datasets, it still has some limitations. It can understand and generate content in five African languages, as well as English and French.
*   **Empowerment**: Developing models that can be trained within the limitations of available computational resources and data is crucial for enabling local communities to address context-specific challenges.
*   **Access to digital products and services**: Empowering local communities with accessible digital products and necessary services would otherwise be out of reach.
*   **New possibilities**: SLMs like InkubaLM represent a significant step forward in exploring new possibilities beyond conventional assumptions.

The author also references recent research papers on African NLP, including the Irokobench benchmark for African languages (Adelani et al., 2024a; Adelani et al., 2024b) and small language models for text2sparql tasks to improve AI assistance (Brei et al., 2024).

References:

*   Adelani, D. I., Ojo, J., Azime, I. A., Zhuang, J. Y., Alabi, J. O., He, X., ... & Stenetorp, P. (2024a). Irokobench: A new benchmark for African languages in the age of large language models.
*   Adelani, D. I., Ojo, J., Azime, I. A., Zhuang, J. Y., Alabi, J. O., He, X., ... & Stenetorp, P. (2024b). Irokobench: A new benchmark for African languages in the age of large language models.
*   Allal, L. B., Lozhkov, A., Bakouch, E., von Werra, L., & Wolf, T. (2024). Smollm - blazingly fast and remarkably powerful.
*   Azime, I. A., Fuge, M. Y., Tonja, A. L., Belay, T. D., Wassie, A. K., Jada, E. S., ... & Yimam, S. M. (2024). Enhancing amharic-llama: Integrating task specific and generative datasets.
*   Brei, F., Frey, J., & Meyer, L. P. (2024). Leveraging small language models for text2sparql tasks to improve the resilience of AI assistance.
*   Brown, T. B., Mann, B., Ryder, N., Subbiah, M., Kaplan, J., Dhariwal, P., ... & Amodei, D. (2020). Language Models are Few-shot Learners.
*   Conneau, A., Khandelwal, K., Goyal, N., Chaudhary, V., Wenzek, G., Guzmán, F., ... & Stoyanov, V. (2019). Unsupervised Cross-Lingual Representation Learning at Scale - Scores: 0.33, 0.43, 0.45, 0.45, 0.45, 0.46, 0.46, 0.46, 0.46, 0.47
2024-10-16 21:55:19,397 - ERROR - Task exception was never retrieved
future: <Task finished name='Task-1' coro=<main() done, defined at /Users/luist/delivery/luis-testing/embededings-refactor/main.py:23> exception=KeyboardInterrupt()>
Traceback (most recent call last):
  File "/Applications/PyCharm.app/Contents/plugins/python/helpers/pydev/pydevd.py", line 2252, in <module>
    main()
  File "/Applications/PyCharm.app/Contents/plugins/python/helpers/pydev/pydevd.py", line 2234, in main
    globals = debugger.run(setup['file'], None, None, is_module)
  File "/Applications/PyCharm.app/Contents/plugins/python/helpers/pydev/pydevd.py", line 1544, in run
    return self._exec(is_module, entry_point_fn, module_name, file, globals, locals)
  File "/Applications/PyCharm.app/Contents/plugins/python/helpers/pydev/pydevd.py", line 1551, in _exec
    pydev_imports.execfile(file, globals, locals)  # execute the script
  File "/Applications/PyCharm.app/Contents/plugins/python/helpers/pydev/_pydev_imps/_pydev_execfile.py", line 18, in execfile
    exec(compile(contents+"\n", file, 'exec'), glob, loc)
  File "/Users/luist/delivery/luis-testing/embededings-refactor/main.py", line 60, in <module>
    asyncio.run(main())
  File "/Applications/PyCharm.app/Contents/plugins/python/helpers-pro/pydevd_asyncio/pydevd_nest_asyncio.py", line 138, in run
    return loop.run_until_complete(task)
  File "/Applications/PyCharm.app/Contents/plugins/python/helpers-pro/pydevd_asyncio/pydevd_nest_asyncio.py", line 234, in run_until_complete
    self._run_once()
  File "/Applications/PyCharm.app/Contents/plugins/python/helpers-pro/pydevd_asyncio/pydevd_nest_asyncio.py", line 286, in _run_once
    handle._run()
  File "/Library/Frameworks/Python.framework/Versions/3.10/lib/python3.10/asyncio/events.py", line 80, in _run
    self._context.run(self._callback, *self._args)
  File "/Applications/PyCharm.app/Contents/plugins/python/helpers-pro/pydevd_asyncio/pydevd_nest_asyncio.py", line 395, in step
    step_orig(task, exc)
  File "/Library/Frameworks/Python.framework/Versions/3.10/lib/python3.10/asyncio/tasks.py", line 232, in __step
    result = coro.send(None)
  File "/Users/luist/delivery/luis-testing/embededings-refactor/main.py", line 49, in main
    answer = model_manager.ask_question(question, context)
  File "/Users/luist/delivery/luis-testing/embededings-refactor/model_manager.py", line 74, in ask_question
    response = ollama.generate(model=self.main_model, prompt=prompt)
  File "/Users/luist/delivery/luis-testing/embededings-refactor/model_manager.py", line 74, in ask_question
    response = ollama.generate(model=self.main_model, prompt=prompt)
  File "_pydevd_bundle/pydevd_cython_darwin_310_64.pyx", line 1597, in _pydevd_bundle.pydevd_cython_darwin_310_64.ThreadTracer.__call__
  File "_pydevd_bundle/pydevd_cython_darwin_310_64.pyx", line 937, in _pydevd_bundle.pydevd_cython_darwin_310_64.PyDBFrame.trace_dispatch
  File "_pydevd_bundle/pydevd_cython_darwin_310_64.pyx", line 928, in _pydevd_bundle.pydevd_cython_darwin_310_64.PyDBFrame.trace_dispatch
  File "_pydevd_bundle/pydevd_cython_darwin_310_64.pyx", line 585, in _pydevd_bundle.pydevd_cython_darwin_310_64.PyDBFrame.do_wait_suspend
  File "/Applications/PyCharm.app/Contents/plugins/python/helpers/pydev/pydevd.py", line 1201, in do_wait_suspend
    self._do_wait_suspend(thread, frame, event, arg, suspend_type, from_this_thread)
  File "/Applications/PyCharm.app/Contents/plugins/python/helpers/pydev/pydevd.py", line 1216, in _do_wait_suspend
    time.sleep(0.01)
KeyboardInterrupt
2024-10-17 00:35:50,274 - INFO - Embed Model: nomic-embed-text
2024-10-17 00:35:50,274 - INFO - Question: What is Inkuba-Instruct?
2024-10-17 00:35:50,274 - INFO - Answer: It appears that the provided text is a list of publications and authors, with no specific main topic or question being asked.

However, I can try to summarize the context based on the titles of the publications:

* The publications seem to be related to Natural Language Processing (NLP) and Machine Learning, specifically focusing on language models, named entity recognition, and topic classification in African languages.
* The authors are primarily researchers from Africa, as well as some international colleagues.

If you could provide more context or clarify what you would like me to do, I'll be happy to try and assist you further.
2024-10-17 00:35:50,274 - INFO - Scores: 0.42, 0.50, 0.51, 0.52, 0.52, 0.53, 0.53, 0.55, 0.56, 0.57
2024-10-17 00:35:50,274 - INFO - ---
2024-10-17 00:36:04,620 - INFO - Embed Model: nomic-embed-text
2024-10-17 00:36:04,621 - INFO - Question: What is InkubaLM?
2024-10-17 00:36:04,621 - INFO - Answer: The text describes research on leveraging small language models (SLMs) to improve performance across various NLP tasks. Here are the key points:

1. **Efficient multi-modal assistants**: The research focuses on creating efficient multi-modal assistants, such as VA-Phi, which harnesses the power of a small language model (Phi-2) to facilitate multi-modal dialogues.
2. **Achieving zero-shot performance**: Models like InkubaLM-0.4B demonstrate commendable performance across benchmarks, including visual comprehension and reasoning tasks, in a zero-shot setting using English prompts.
3. **Applications in time-sensitive environments**: The research opens new avenues for applications in time-sensitive environments and systems requiring real-time interaction.
4. **Sparse activation techniques**: Song et al. (2024) developed a new attribution metric to achieve sparse activation in SLMs, successfully achieving an 80% sparsification ratio with minimal accuracy loss comparable to larger models.
5. **Speech synthesis**: Lemerle et al. (2024) introduced the Small-E model, a compact language model enhanced with linear attention, which set a new benchmark in zero-shot voice cloning.
6. **LLMs for African languages**: Recent research on LLMs for African languages focuses on creating linguistic resources, developing adapted models, and improving performance for these languages.

The text also mentions specific datasets and experiments, including:

1. Inkuba-Instruct dataset
2. IrokoBench dataset
3. QALD and CoyPu datasets

The results presented in the text include:

1. Sentiment analysis results on three African languages: Swahili (swa), Hausa (hau), and Yoruba (yor)
2. Performance of various language models, including InkubaLM-0.4B, on sentiment analysis tasks
2024-10-17 00:36:04,621 - INFO - Scores: 0.37, 0.45, 0.46, 0.49, 0.49, 0.49, 0.55, 0.56, 0.57, 0.58
2024-10-17 00:36:04,621 - INFO - ---
2024-10-17 00:36:09,261 - ERROR - Task exception was never retrieved
future: <Task finished name='Task-1' coro=<main() done, defined at /Users/luist/delivery/luis-testing/embededings-refactor/main.py:23> exception=KeyboardInterrupt()>
Traceback (most recent call last):
  File "/Applications/PyCharm.app/Contents/plugins/python/helpers/pydev/pydevd.py", line 2252, in <module>
    main()
  File "/Applications/PyCharm.app/Contents/plugins/python/helpers/pydev/pydevd.py", line 2234, in main
    globals = debugger.run(setup['file'], None, None, is_module)
  File "/Applications/PyCharm.app/Contents/plugins/python/helpers/pydev/pydevd.py", line 1544, in run
    return self._exec(is_module, entry_point_fn, module_name, file, globals, locals)
  File "/Applications/PyCharm.app/Contents/plugins/python/helpers/pydev/pydevd.py", line 1551, in _exec
    pydev_imports.execfile(file, globals, locals)  # execute the script
  File "/Applications/PyCharm.app/Contents/plugins/python/helpers/pydev/_pydev_imps/_pydev_execfile.py", line 18, in execfile
    exec(compile(contents+"\n", file, 'exec'), glob, loc)
  File "/Users/luist/delivery/luis-testing/embededings-refactor/main.py", line 60, in <module>
    asyncio.run(main())
  File "/Applications/PyCharm.app/Contents/plugins/python/helpers-pro/pydevd_asyncio/pydevd_nest_asyncio.py", line 138, in run
    return loop.run_until_complete(task)
  File "/Applications/PyCharm.app/Contents/plugins/python/helpers-pro/pydevd_asyncio/pydevd_nest_asyncio.py", line 234, in run_until_complete
    self._run_once()
  File "/Applications/PyCharm.app/Contents/plugins/python/helpers-pro/pydevd_asyncio/pydevd_nest_asyncio.py", line 286, in _run_once
    handle._run()
  File "/Library/Frameworks/Python.framework/Versions/3.10/lib/python3.10/asyncio/events.py", line 80, in _run
    self._context.run(self._callback, *self._args)
  File "/Applications/PyCharm.app/Contents/plugins/python/helpers-pro/pydevd_asyncio/pydevd_nest_asyncio.py", line 395, in step
    step_orig(task, exc)
  File "/Library/Frameworks/Python.framework/Versions/3.10/lib/python3.10/asyncio/tasks.py", line 232, in __step
    result = coro.send(None)
  File "/Users/luist/delivery/luis-testing/embededings-refactor/main.py", line 49, in main
    answer = model_manager.ask_question(question, context)
  File "/Users/luist/delivery/luis-testing/embededings-refactor/model_manager.py", line 74, in ask_question
    response = ollama.generate(model=self.main_model[0], prompt=prompt)
  File "/Users/luist/delivery/.venv310/lib/python3.10/site-packages/ollama/_client.py", line 163, in generate
    return self._request_stream(
  File "/Users/luist/delivery/.venv310/lib/python3.10/site-packages/ollama/_client.py", line 99, in _request_stream
    return self._stream(*args, **kwargs) if stream else self._request(*args, **kwargs).json()
  File "/Users/luist/delivery/.venv310/lib/python3.10/site-packages/ollama/_client.py", line 70, in _request
    response = self._client.request(method, url, **kwargs)
  File "/Users/luist/delivery/.venv310/lib/python3.10/site-packages/httpx/_client.py", line 815, in request
    return self.send(request, auth=auth, follow_redirects=follow_redirects)
  File "/Users/luist/delivery/.venv310/lib/python3.10/site-packages/httpx/_client.py", line 902, in send
    response = self._send_handling_auth(
  File "/Users/luist/delivery/.venv310/lib/python3.10/site-packages/httpx/_client.py", line 930, in _send_handling_auth
    response = self._send_handling_redirects(
  File "/Users/luist/delivery/.venv310/lib/python3.10/site-packages/httpx/_client.py", line 967, in _send_handling_redirects
    response = self._send_single_request(request)
  File "/Users/luist/delivery/.venv310/lib/python3.10/site-packages/httpx/_client.py", line 1003, in _send_single_request
    response = transport.handle_request(request)
  File "/Users/luist/delivery/.venv310/lib/python3.10/site-packages/httpx/_transports/default.py", line 218, in handle_request
    resp = self._pool.handle_request(req)
  File "/Users/luist/delivery/.venv310/lib/python3.10/site-packages/httpcore/_sync/connection_pool.py", line 253, in handle_request
    raise exc
  File "/Users/luist/delivery/.venv310/lib/python3.10/site-packages/httpcore/_sync/connection_pool.py", line 237, in handle_request
    response = connection.handle_request(request)
  File "/Users/luist/delivery/.venv310/lib/python3.10/site-packages/httpcore/_sync/connection.py", line 90, in handle_request
    return self._connection.handle_request(request)
  File "/Users/luist/delivery/.venv310/lib/python3.10/site-packages/httpcore/_sync/http11.py", line 105, in handle_request
    raise exc
  File "/Users/luist/delivery/.venv310/lib/python3.10/site-packages/httpcore/_sync/http11.py", line 84, in handle_request
    ) = self._receive_response_headers(**kwargs)
  File "/Users/luist/delivery/.venv310/lib/python3.10/site-packages/httpcore/_sync/http11.py", line 148, in _receive_response_headers
    event = self._receive_event(timeout=timeout)
  File "/Users/luist/delivery/.venv310/lib/python3.10/site-packages/httpcore/_sync/http11.py", line 177, in _receive_event
    data = self._network_stream.read(
  File "/Users/luist/delivery/.venv310/lib/python3.10/site-packages/httpcore/backends/sync.py", line 26, in read
    return self._sock.recv(max_bytes)
KeyboardInterrupt
2024-10-17 00:36:54,314 - INFO - Embed Model: nomic-embed-text
2024-10-17 00:36:54,314 - INFO - Question: What is Inkuba-Instruct?
2024-10-17 00:36:54,314 - INFO - Answer: I can help you summarize the information about the research papers by David Ifeoluwa Adelani.

The papers are related to Natural Language Processing (NLP) and Machine Learning (ML), specifically focusing on language modeling, topic classification, and named entity recognition for African languages.

Here's a brief summary of each paper:

1. **Sib-200: A simple, inclusive, and big evaluation dataset for topic classification in 200+ languages and dialects**

This paper introduces the Sib-200 dataset, which consists of 20,000+ labeled samples from 200+ languages and dialects. The goal is to provide a comprehensive and inclusive dataset for topic classification tasks in African languages.

2. **Masakhanews: News topic classification for african languages**

This paper presents the Masakhanews dataset, which focuses on news topic classification for African languages. The authors aim to develop a more representative and diverse set of training data for NLP tasks in African languages.

3. **Masakhaner 2.0: Africa-centric transfer learning for named entity recognition**

In this paper, the authors explore Africa-centric transfer learning for named entity recognition (NER) using the Masakhaner dataset. They demonstrate improved performance on NER tasks when using African language-specific models and fine-tuning pre-trained models.

These papers aim to contribute to the development of more effective NLP systems for African languages, with a focus on representation, diversity, and cultural relevance. By providing large-scale datasets and innovative approaches to transfer learning, these works can help bridge the gap in NLP research for African languages.

References:
Adelani et al., D. I., Liu, H., Shen, X., Vassilyev, N., Alabi, J. O., Mao, Y., ... & Lee, A. E-S. (2023a). Sib-200: A simple, inclusive, and big evaluation dataset for topic classification in 200+ languages and dialects. Adelani et al., D. I., Masiak, M., Azime, I. A., Alabi, J. O., Tonja, A. L., ... & Stenetorp, P. (2023b). Masakhanews: News topic classification for african languages. ArXiv.

Adelani et al., D. I., Neubig, G., Ruder, S., Rijhwani, S., Beukman, M., ... & Klakow, D. (2022b). Masakhaner 2.0: Africa-centric transfer learning for named entity recognition. ArXiv
2024-10-17 00:36:54,314 - INFO - Scores: 0.42, 0.50, 0.51, 0.52, 0.52, 0.53, 0.53, 0.55, 0.56, 0.57
2024-10-17 00:36:54,314 - INFO - ---
2024-10-17 00:37:02,623 - INFO - Embed Model: nomic-embed-text
2024-10-17 00:37:02,623 - INFO - Question: What is InkubaLM?
2024-10-17 00:37:02,623 - INFO - Answer: Based on the text provided, here are some key points that can be extracted:

**Multi-Modal Assistant**

* The model VA-Phi is an efficient multi-modal assistant that harnesses the power of small language model Phi-2 to facilitate multi-modal dialogues.
* Despite having only 2.7 billion parameters, LLaVA-Phi demonstrated commendable performance across benchmarks, including visual comprehension and reasoning tasks.

**Efficient Language Models**

* Brei et al. (2024) addressed the challenge of translating natural language into SPARQL queries using small language models (SLMs).
* Models such as BART and M2M100 were employed across datasets like QALD and CoyPu, achieving solid results in SPARQL translation.
* T5 models struggled with accuracy.

**Sparse Activation**

* Song et al. (2024) focused on achieving sparse activation in SLMs.
* They developed a new attribution metric to overcome the limitations of existing sparse activation techniques, successfully achieving an 80% sparsification ratio with minimal accuracy loss comparable to larger models.

**Speech Synthesis**

* Lemerle et al. (2024) introduced the Small-E model, a compact language model enhanced with linear attention.
* Their work set a new benchmark in zero-shot voice cloning, demonstrating the strong capabilities of small models in this specialized area.

**LLMs for African Languages**

* Recent research on LLMs for African languages focuses on creating linguistic resources, developing adapted models, and improving performance for these languages.

**Inkuba-Instruct Dataset**

* The dataset was used to explore three prompts: Multiple Prompts (direct), Single prompt – English, and Single prompt – Native.
* Tasks were performed using various language prompts, including sentiment analysis and machine translation.

These points highlight the advances made in efficient language models, sparse activation techniques, speech synthesis, and LLMs for African languages.
2024-10-17 00:37:02,623 - INFO - Scores: 0.37, 0.45, 0.46, 0.49, 0.49, 0.49, 0.55, 0.56, 0.57, 0.58
2024-10-17 00:37:02,623 - INFO - ---
2024-10-17 00:37:10,028 - INFO - Embed Model: nomic-embed-text
2024-10-17 00:37:10,028 - INFO - Question: How many parameters does TinyLlama have?
2024-10-17 00:37:10,028 - INFO - Answer: This is an abstract of a research paper titled "InkubaLM: A Small Language Model for Low-Resource Languages". The paper presents a new language model called InkubaLM, which achieves state-of-the-art performance on various tasks in five African languages (Hausa, Yoruba, Swahili, isiZulu, and isiXhosa) despite having significantly fewer parameters than other large models.

The authors highlight the need for language models that can perform well on low-resource languages, which are commonly spoken in Africa but lack extensive training data. The InkubaLM model is designed to be efficient and accessible, making it suitable for deployment on limited computing resources.

The paper reports results on various tasks, including:

* Machine translation
* Question-answering
* AfriMMLU (a multi-task dataset for low-resource languages)
* AfriXnli (a sentiment analysis task)

InkubaLM outperforms larger models in some tasks and demonstrates remarkable consistency across multiple languages. The authors also present two datasets: Inkuba-Mono, a monolingual dataset for pre-training, and Inkuba-Instruct, a fine-tuning dataset for instruction-based tasks.

The paper aims to challenge the conventional assumption that large language models require substantial resources to achieve state-of-the-art performance. By introducing InkubaLM, the authors hope to encourage research and development on low-resource languages, which can lead to improved language access and education in Africa.

The model and datasets are publicly available, making it possible for researchers to build upon this work and contribute to the development of more effective language models for low-resource languages.
2024-10-17 00:37:10,028 - INFO - Scores: 0.40, 0.43, 0.45, 0.46, 0.47, 0.52, 0.53, 0.53, 0.53, 0.54
2024-10-17 00:37:10,028 - INFO - ---
2024-10-17 00:37:19,559 - INFO - Embed Model: mxbai-embed-large
2024-10-17 00:37:19,559 - INFO - Question: What is Inkuba-Instruct?
2024-10-17 00:37:19,559 - INFO - Answer: This is not a problem that can be solved with a step-by-step approach and a final answer. The text appears to be a research paper or a technical report, specifically related to Natural Language Processing (NLP) and Large Language Models (LLMs). The content includes various sections such as introduction, methodology, results, and discussions.

However, I can provide an overview of the main points in the text:

1. **Introduction**: The field of NLP has witnessed significant growth with the advent of LLMs, which have set new benchmarks in tasks like language translation, sentiment analysis, and creative writing.
2. **Background**: Notable examples of LLMs include GPT-3 and BERT, which have influenced academic research and seen extensive adoption across industries.
3. **Challenges**: LLMs have predominantly been developed and trained on high-resource languages with extensive datasets, leaving low-resource languages without sufficient resources.
4. **InkubaLM**: A new language model called InkubaLM is introduced, which achieves performance comparable to larger models and more extensive training data on tasks like machine translation, question-answering, AfriMMLU, and the AfriXnli task.
5. **Results**: The paper presents results for various tasks, including sentiment analysis, using native prompts in three African languages: Swahili (swa), Hausa (hau), and Yoruba (yor).
6. **Conclusion**: The authors aim to challenge the conventional paradigm that effective LLMs must rely on substantial resources, encouraging research and development on low-resource languages.

There is no specific problem or question that requires a step-by-step solution and a final answer in this text.
2024-10-17 00:37:19,559 - INFO - Scores: 0.41, 0.42, 0.43, 0.44, 0.44, 0.45, 0.46, 0.46, 0.48, 0.50
2024-10-17 00:37:19,559 - INFO - ---
2024-10-17 00:37:28,688 - INFO - Embed Model: mxbai-embed-large
2024-10-17 00:37:28,688 - INFO - Question: What is InkubaLM?
2024-10-17 00:37:28,689 - INFO - Answer: This text appears to be a summary of the results of a study on the performance of a language model called InkubaLM-0.4B in African languages translation tasks. Here are some key findings:

**English to African Languages (Zero-shot)**

* InkubaLM-0.4B achieves an average BLEU score of 8.15, with its highest performance in isiZulu.
* The model performs moderately well across different languages, with scores ranging from 3.44 in Swahili to 7.0 in Xhosa.

**Comparison with other models**

* SmolLM-1.7B and MobiLlama-1B achieve an average BLEU score of 6.47.
* Gemma-7B and LLaMa 3-8B generally underperform InkubaLM-0.4B, especially in isiZulu.
* lola_v1-7.4B achieves the highest average BLEU score (9.78) but shows inconsistent performance across languages.

**African Languages to English (Zero-shot)**

* InkubaLM-0.4B shows moderate performance with an average BLEU score of 6.78, particularly excelling in Xhosa and Swahili.
* LLaMa 3-8B significantly outperforms InkubaLM-0.4B with a higher average BLEU score of 17.06.

**Analysis**

* InkubaLM-0.4B is well-suited for specific languages, even when compared to larger models.
* The model performs variable across different languages, suggesting that further refinement could enhance its overall translation capabilities while optimizing it for particular tasks and languages.
* Larger models like LLaMa 3-8B outperform InkubaLM-0.4B in African languages to English translation.

Overall, the study suggests that InkubaLM-0.4B is a competitive language model in African languages translation tasks, but may benefit from further tuning and optimization to improve its overall performance.
2024-10-17 00:37:28,689 - INFO - Scores: 0.45, 0.46, 0.46, 0.48, 0.49, 0.52, 0.52, 0.53, 0.55, 0.58
2024-10-17 00:37:28,689 - INFO - ---
2024-10-17 00:37:35,849 - INFO - Embed Model: mxbai-embed-large
2024-10-17 00:37:35,850 - INFO - Question: How many parameters does TinyLlama have?
2024-10-17 00:37:35,850 - INFO - Answer: It appears that the provided text is a passage from an academic paper or research article discussing the development of language models, specifically the InkubaLM model and its applications in African languages.

The main points mentioned in the passage include:

1. The need for more efficient language models to address context-specific challenges in Africa, where access to digital products and services is limited.
2. The introduction of the Irokobench dataset, a new benchmark for African languages that can be used to evaluate the performance of large language models.
3. The development of the InkubaLM model, which represents a significant step forward in exploring possibilities beyond conventional assumptions about NLP.
4. The limitations of the InkubaLM model, including its ability to understand and generate content in only five African languages (Swahili, Yoruba, Hausa, isiZulu, and isiXhosa) as well as English and French.

The passage also mentions other research papers and publications related to NLP, such as "Language models are few-shot learners" by Tom Brown et al. (2020), which discusses the ability of language models to learn from limited data.

Overall, the passage appears to be discussing the advancements in NLP, particularly in the context of African languages, and the potential applications of these developments in addressing challenges related to access to digital products and services in Africa.

Please let me know if you would like me to summarize any specific points or provide further clarification on any aspect of the passage.
2024-10-17 00:37:35,850 - INFO - Scores: 0.33, 0.43, 0.45, 0.45, 0.45, 0.46, 0.46, 0.46, 0.46, 0.47
2024-10-17 00:37:35,850 - INFO - ---
2024-10-17 00:38:45,806 - INFO - Embed Model: nomic-embed-text
2024-10-17 00:38:45,806 - INFO - Question: What is Inkuba-Instruct?
2024-10-17 00:38:45,806 - INFO - Answer: The text provided appears to be a list of authors and their publications related to natural language processing (NLP) and machine learning, specifically in the context of African languages. The publications include research papers on various topics such as topic classification, named entity recognition, and transfer learning.

Some notable aspects of this text are:

1. **Diversity of languages**: The list includes a wide range of languages from Africa, including Hausa, Yoruba, Igbo, Swahili, Zulu, and many others.
2. **Collaborations and datasets**: Many authors share common affiliations or collaborations, indicating the importance of teamwork and knowledge-sharing in NLP research.
3. **Dataset development**: The text mentions the creation of evaluation datasets, such as Sib-200, which is designed to support topic classification in multiple languages and dialects.
4. **Transfer learning and Africa-centric approaches**: Some publications focus on developing transfer learning methods tailored to African languages, aiming to address the challenges posed by linguistic diversity.

Overall, this text highlights the growing interest in NLP research for African languages and the efforts made to develop more inclusive and effective models for these languages.
2024-10-17 00:38:45,806 - INFO - Scores: 0.42, 0.50, 0.51, 0.52, 0.52, 0.53, 0.53, 0.55, 0.56, 0.57
2024-10-17 00:38:45,806 - INFO - ---
2024-10-17 00:38:45,806 - INFO - ---
2024-10-17 00:38:53,929 - INFO - Embed Model: nomic-embed-text
2024-10-17 00:38:53,929 - INFO - Question: What is InkubaLM?
2024-10-17 00:38:53,929 - INFO - Answer: This text appears to be a summary of research papers related to Large Language Models (LLMs) for natural language processing tasks, specifically focused on multi-modal interactions, efficiency, and applications in African languages. Here's a breakdown of the key points:

1. **Multi-Modal Interactions**: The paper discusses the development of an efficient multi-modal assistant called VA-Phi, which utilizes a small language model (LLaVA-Phi) to facilitate multi-modal dialogues.
2. **Efficiency**: Research highlights the potential of smaller LLMs in sophisticated tasks while maintaining resource efficiency. For example, Brei et al. (2024) used BART and M2M100 models for SPARQL translation, achieving solid results, while T5 models struggled with accuracy.
3. **Sparse Activation**: Song et al. (2024) developed a new attribution metric to achieve sparse activation in SLMs, successfully sparsifying their model by 80% with minimal accuracy loss.
4. **Speech Synthesis**: Lemerle et al. (2024) introduced the Small-E model, a compact language model enhanced with linear attention, achieving zero-shot voice cloning capabilities.

The text also mentions research on LLMs for African languages, including:

1. **Linguistic Resources**: Creation of linguistic resources for African languages.
2. **Adapted Models**: Development of adapted models for African languages.
3. **Performance Improvement**: Improving the performance of LLMs for African languages.

The paper concludes with a summary of results from sentiment analysis tasks using native prompts, including InkubaLM-0.4B on three African languages: Swahili (swa), Hausa (hau), and Yoruba (yor).

Overall, this text highlights the growing interest in LLMs for natural language processing tasks, particularly in multi-modal interactions, efficiency, and applications in African languages.
2024-10-17 00:38:53,929 - INFO - Scores: 0.37, 0.45, 0.46, 0.49, 0.49, 0.49, 0.55, 0.56, 0.57, 0.58
2024-10-17 00:38:53,929 - INFO - ---
2024-10-17 00:38:53,929 - INFO - ---
2024-10-17 00:38:59,381 - INFO - Embed Model: mxbai-embed-large
2024-10-17 00:38:59,381 - INFO - Question: What is Inkuba-Instruct?
2024-10-17 00:38:59,381 - INFO - Answer: This is not a problem to be solved, but rather a research paper that presents the introduction of a new language model called InkubaLM, which achieves performance comparable to larger models on various tasks such as machine translation, question-answering, and sentiment analysis.

The text appears to be a summary of the paper's introduction, highlighting the limitations of existing large language models (LLMs) in the African context and introducing InkubaLM as a solution that overcomes these limitations. The paper presents results on various tasks, including sentiment analysis, using native prompts and English prompts.

If you'd like, I can provide a summary of the main points or help with understanding specific sections of the text. However, there is no specific problem to be solved in this text.
2024-10-17 00:38:59,381 - INFO - Scores: 0.41, 0.42, 0.43, 0.44, 0.44, 0.45, 0.46, 0.46, 0.48, 0.50
2024-10-17 00:38:59,381 - INFO - ---
2024-10-17 00:38:59,381 - INFO - ---
2024-10-17 00:39:08,386 - INFO - Embed Model: mxbai-embed-large
2024-10-17 00:39:08,386 - INFO - Question: What is InkubaLM?
2024-10-17 00:39:08,386 - INFO - Answer: This text appears to be a technical report or research paper on the performance of a machine learning model called InkubaLM-0.4B in translating African languages into English and vice versa.

Here are some key takeaways:

**Translation Performance:**

* InkubaLM-0.4B achieves an average BLEU score of 6.78 for African to English translation, with strengths in Xhosa (10.06) and Swahili (5.29).
* LLaMa 3-8B outperforms InkubaLM-0.4B across all languages, achieving a significantly higher average BLEU score of 17.06.
* lola_v1-7.4B achieves the second-highest average BLEU score (10.46), while SmolLM-1.7B and MobiLlama-1B show mixed results.

**Language-Specific Performance:**

* InkubaLM-0.4B excels in isiZulu, with a BLEU score of 21.
* LLaMa 3-8B performs strongly in Xhosa and Swahili, indicating its potential for effective translation in these languages.

**Recommendations:**

* Further refinement could enhance InkubaLM-0.4B's overall translation capabilities, particularly if the model is optimized for specific tasks and languages.
* The variability in scores suggests that InkubaLM-0.4B may benefit from more extensive training data or fine-tuning to improve its performance across different languages.

**Conclusion:**

The study highlights the strengths and limitations of InkubaLM-0.4B in translating African languages into English and vice versa. While it demonstrates competitive performance in some instances, particularly in isiZulu, larger models like LLaMa 3-8B and lola_v1-7.4B outperform it across all languages. The results suggest that further research is needed to improve the overall translation capabilities of InkubaLM-0.4B.
2024-10-17 00:39:08,386 - INFO - Scores: 0.45, 0.46, 0.46, 0.48, 0.49, 0.52, 0.52, 0.53, 0.55, 0.58
2024-10-17 00:39:08,387 - INFO - ---
2024-10-17 00:39:08,387 - INFO - ---
2024-10-17 00:45:32,269 - INFO - Embed Model: nomic-embed-text
2024-10-17 00:45:32,269 - INFO - Question: What is Inkuba-Instruct?
2024-10-17 00:45:32,269 - INFO - Answer: This text appears to be a collection of references and citations from research papers related to Natural Language Processing (NLP) and machine learning, specifically focusing on the development and improvement of language models for African languages.

The papers cited are:

1. "Sib-200: A simple, inclusive, and big evaluation dataset for topic classification in 200+ languages and dialects" (2023a)
2. "Masakhanews: News topic classification for african languages" (2023b)
3. "Masakhaner 2.0: Africa-centric transfer learning for named entity recognition" (2022b)

These papers seem to be related to the development of NLP models and datasets specifically tailored to African languages, with a focus on improving their performance and relevance.

Some notable authors and affiliations mentioned in these citations include:

* David Adelani
* Graham Neubig
* Sebastian Ruder
* Jesujoba Alabi
* Shamsuddeen Hassan Muhammad
* Blessing Sibanda
* Bonaventure Dossou
* Jonathan Mukiibi
* Chris Emezue
* Anuoluwapo Aremu
* Idris Abdulmumin
* Odunayo Ogundepo
* Oreen Yousuf
* Tatiana Ngoli

These authors are affiliated with various institutions and organizations, including universities, research centers, and companies.

Overall, these citations suggest that there is a growing interest in developing NLP models and datasets for African languages, with a focus on improving their performance and relevance.
2024-10-17 00:45:32,269 - INFO - Scores: 0.42, 0.50, 0.51, 0.52, 0.52, 0.53, 0.53, 0.55, 0.56, 0.57
2024-10-17 00:45:32,269 - INFO - ---
2024-10-17 00:45:32,269 - INFO - ---
2024-10-17 00:45:40,004 - INFO - Embed Model: nomic-embed-text
2024-10-17 00:45:40,004 - INFO - Question: What is InkubaLM?
2024-10-17 00:45:40,004 - INFO - Answer: The provided text discusses recent advancements in Large Language Models (LLMs) for various applications, including multi-modal dialogues, natural language processing tasks, and speech synthesis. It highlights the potential of smaller LLMs in sophisticated tasks while maintaining resource efficiency.

Some key points mentioned include:

1. **Multi-modal dialogues**: The text introduces VA-Phi, an efficient multi-modal assistant that utilizes a small language model Phi-2 to facilitate multi-modal dialogues.
2. **Natural Language Processing (NLP) tasks**: Brei et al. (2024) addressed the challenge of translating natural language into SPARQL queries using Small Language Models (SLMs), achieving solid results with models like BART and M2M100.
3. **Speech Synthesis**: Lemerle et al. (2024) introduced the Small-E model, a compact language model enhanced with linear attention, demonstrating strong capabilities in zero-shot voice cloning.

The text also touches on the topic of LLMs for African languages, focusing on creating linguistic resources, developing adapted models, and improving performance for these languages.

**Sample Prompts**: The text provides three prompt samples used for initial evaluation:

1. Multiple Prompts (direct): four slightly different prompts at random curated for each task in five languages.
2. Single prompt – English: one English prompt curated for each task.
3. Single prompt – Native: one prompt in the language curated for each task.

**Results**: The sentiment analysis results, presented in Table 6, highlight the performance of various language models on three African languages: Swahili (swa), Hausa (hau), and Yoruba (yor). These results were obtained in a zero-shot setting using English prompts.
2024-10-17 00:45:40,004 - INFO - Scores: 0.37, 0.45, 0.46, 0.49, 0.49, 0.49, 0.55, 0.56, 0.57, 0.58
2024-10-17 00:45:40,004 - INFO - ---
2024-10-17 00:45:40,004 - INFO - ---
2024-10-17 00:45:47,000 - INFO - Embed Model: mxbai-embed-large
2024-10-17 00:45:47,000 - INFO - Question: What is Inkuba-Instruct?
2024-10-17 00:45:47,000 - INFO - Answer: This is not a problem to be solved, but rather an academic paper discussing the introduction of a new language model called InkubaLM, which achieves performance comparable to larger models on tasks such as machine translation, question-answering, and sentiment analysis, even with limited resources.

However, if you'd like to explore a specific aspect of the paper or ask for help with something related, I can try to assist you. Here are some potential questions or areas of focus:

1. Would you like to know more about the InkubaLM model, its architecture, and how it was trained?
2. Are you interested in learning more about the datasets used to evaluate the model's performance on different tasks?
3. You could ask for help with understanding a specific section of the paper or interpreting the results presented in the tables and figures.
4. If you're interested in implementing the InkubaLM model or exploring similar approaches, I can provide some general guidance or point you in the direction of relevant resources.

Please let me know if any of these options interest you, or if you have something else in mind!
2024-10-17 00:45:47,000 - INFO - Scores: 0.41, 0.42, 0.43, 0.44, 0.44, 0.45, 0.46, 0.46, 0.48, 0.50
2024-10-17 00:45:47,000 - INFO - ---
2024-10-17 00:45:47,000 - INFO - ---
2024-10-17 00:45:57,978 - INFO - Embed Model: mxbai-embed-large
2024-10-17 00:45:57,978 - INFO - Question: What is InkubaLM?
2024-10-17 00:45:57,978 - INFO - Answer: This text appears to be a summary of the results of various machine learning models on a specific dataset, specifically the Inkuba-Mono dataset, which contains African languages. The text provides an overview of the performance of each model on two tasks:

1. English to African language translation (zero-shot)
2. African languages to English translation (zero-shot)

The text presents several observations and comparisons between different models, including:

* InkubaLM-0.4B: achieves an average BLEU score of 8.15 in English to African language translation and 6.78 in African languages to English translation
* SmolLM-1.7B and MobiLlama-1B: achieve an average BLEU score of 6.47 in both tasks, with some models performing better than others on specific languages
* LLaMa 3-8B and lola_v1-7.4B: outperform InkubaLM-0.4B in African languages to English translation, with particularly high scores in Xhosa and Swahili

The text concludes that while InkubaLM-0.4B performs reasonably well on these tasks, it may benefit from further tuning and optimization to improve its overall translation performance.

Some key statistics mentioned in the text include:

* Average BLEU scores:
	+ English to African language translation: 8.15 (InkubaLM-0.4B), 6.47 (SmolLM-1.7B/MobiLlama-1B)
	+ African languages to English translation: 6.78 (InkubaLM-0.4B), 17.06 (LLaMa 3-8B), 10.46 (lola_v1-7.4B)
* Specific scores:
	+ Xhosa: InkubaLM-0.4B (10.06), LLaMa 3-8B (17.06), lola_v1-7.4B (10.46)
	+ Swahili: InkubaLM-0.4B (5.29), SmolLM-1.7B (6.47), MobiLlama-1B (6.47)

Overall, the text provides a detailed comparison of the performance of various machine learning models on a specific dataset, highlighting both strengths and weaknesses in different languages.
2024-10-17 00:45:57,978 - INFO - Scores: 0.45, 0.46, 0.46, 0.48, 0.49, 0.52, 0.52, 0.53, 0.55, 0.58
2024-10-17 00:45:57,978 - INFO - ---
2024-10-17 00:45:57,978 - INFO - ---
2024-10-17 00:56:08,470 - INFO - Embed Model: nomic-embed-text
2024-10-17 00:56:08,470 - INFO - Question: What is Inkuba-Instruct?
2024-10-17 00:56:08,470 - INFO - Answer: The provided text appears to be a list of publications related to natural language processing (NLP) and machine learning, specifically focusing on languages spoken in Africa. The authors and affiliations suggest that the researchers are from various institutions around the world, with a significant presence of authors from Africa.

The publications listed include:

1. Adelani et al. (2023a): "Sib-200: A simple, inclusive, and big evaluation dataset for topic classification in 200+ languages and dialects"
2. Adelani et al. (2023b): "Masakhanews: News topic classification for African languages"
3. Adelani et al. (2022b): "Masakhaner 2.0: Africa-centric transfer learning for named entity recognition"

The publications seem to be related to NLP and machine learning, specifically focused on:

* Topic classification in African languages
* Named entity recognition using Africa-centric transfer learning

The authors and affiliations suggest that the researchers are from various institutions, including universities and research centers. The fact that many authors have "O." or "A." as a suffix suggests that some may be of Yoruba or Igbo descent.

Overall, the publications appear to contribute to the development of NLP models for African languages, which is an important area of research given the growing importance of language in technology and communication.
2024-10-17 00:56:08,470 - INFO - Scores: 0.42, 0.50, 0.51, 0.52, 0.52, 0.53, 0.53, 0.55, 0.56, 0.57
2024-10-17 00:56:08,470 - INFO - ---
2024-10-17 00:56:08,470 - INFO - ---
2024-10-17 00:56:16,148 - INFO - Embed Model: nomic-embed-text
2024-10-17 00:56:16,148 - INFO - Question: What is InkubaLM?
2024-10-17 00:56:16,148 - INFO - Answer: The text discusses recent advancements in Small Language Models (SLMs) for various applications, including multi-modal dialogues, natural language processing tasks, speech synthesis, and sentiment analysis on African languages.

For multi-modal dialogues, the text mentions that LLaVA-Phi, an efficient multi-modal assistant, demonstrated commendable performance across benchmarks despite having only 2.7 billion parameters. This is a significant achievement, as smaller models can offer greater resource efficiency while still achieving impressive results.

In natural language processing tasks, Brei et al. (2024) addressed the challenge of translating natural language into SPARQL queries using SLMs. They used models such as BART and M2M100 across datasets like QALD and CoyPu, achieving solid results in SPARQL translation. However, T5 models struggled with accuracy.

Song et al. (2024) focused on achieving sparse activation in SLMs. They developed a new attribution metric to overcome the limitations of existing sparse activation techniques, successfully achieving an 80% sparsification ratio with minimal accuracy loss comparable to larger models.

Lastly, Lemerle et al. (2024) introduced the Small-E model, a compact language model enhanced with linear attention. Their work set a new benchmark in zero-shot voice cloning, demonstrating the strong capabilities of small models in this specialized area.

The text also highlights research on LLMs for African languages, focusing on creating linguistic resources, developing adapted models, and improving the performance of LLMs for these languages.

In summary, the text showcases recent advancements in SLMs across various applications, including multi-modal dialogues, natural language processing tasks, speech synthesis, and sentiment analysis on African languages. These developments demonstrate the potential of smaller language models to achieve impressive results while maintaining greater resource efficiency.
2024-10-17 00:56:16,148 - INFO - Scores: 0.37, 0.45, 0.46, 0.49, 0.49, 0.49, 0.55, 0.56, 0.57, 0.58
2024-10-17 00:56:16,148 - INFO - ---
2024-10-17 00:56:16,148 - INFO - ---
2024-10-17 00:56:24,070 - INFO - Embed Model: mxbai-embed-large
2024-10-17 00:56:24,070 - INFO - Question: What is Inkuba-Instruct?
2024-10-17 00:56:24,070 - INFO - Answer: This text does not appear to be a complete paper or research article, but rather an excerpt or summary of one. However, I can provide some general observations and insights based on the provided text:

1. The authors introduce a new language model called InkubaLM, which is designed to be efficient, accessible, and locally relevant for low-resource languages in Africa.
2. The model achieves performance comparable to larger models with more extensive training data, but with significantly fewer parameters (0.4 billion).
3. The authors report results on various tasks, including machine translation, question-answering, AfriMMLU, and the AfriXnli task.
4. The model outperforms many larger models in sentiment analysis and demonstrates remarkable consistency across multiple languages.
5. The work represents a pivotal advancement in challenging the conventional paradigm that effective language models must rely on substantial resources.

Some potential areas for further research or discussion include:

* The methodology used to develop and train InkubaLM, including any challenges or limitations encountered.
* A comparison of InkubaLM's performance with other state-of-the-art models on various tasks.
* An analysis of the strengths and weaknesses of InkubaLM in different language pairs and task types.
* Potential applications or use cases for InkubaLM in real-world settings.

Overall, this text appears to be a research contribution that presents an innovative approach to language modeling for low-resource languages in Africa.
2024-10-17 00:56:24,070 - INFO - Scores: 0.41, 0.42, 0.43, 0.44, 0.44, 0.45, 0.46, 0.46, 0.48, 0.50
2024-10-17 00:56:24,070 - INFO - ---
2024-10-17 00:56:24,070 - INFO - ---
2024-10-17 00:56:33,005 - INFO - Embed Model: mxbai-embed-large
2024-10-17 00:56:33,005 - INFO - Question: What is InkubaLM?
2024-10-17 00:56:33,005 - INFO - Answer: This text appears to be a summary of the performance of a machine learning model called InkubaLM-0.4B on various African languages translation tasks. Here's a breakdown of the main points:

**English to African Languages (Zero-shot)**

* InkubaLM-0.4B achieves an average BLEU score of 8.15, with its highest performance in isiZulu (21).
* Other models have lower average BLEU scores, with SmolLM-1.7B and MobiLlama-1B performing similarly at around 6.47.
* LLaMa 3-8B outperforms InkubaLM-0.4B by a significant margin, achieving an average score of 17.06.

**African Languages to English (Zero-shot)**

* InkubaLM-0.4B shows moderate performance with an average BLEU score of 6.78.
* The model excels in Xhosa and Swahili, with scores of 10.06 and 5.29 respectively.
* LLaMa 3-8B outperforms InkubaLM-0.4B by a significant margin, achieving an average score of 17.06.
* lola_v1-7.4B achieves the second-highest average score (10.46).
* SmolLM-1.7B and MobiLlama-1B perform relatively poorly in several languages.

**Analysis**

* InkubaLM-0.4B performs well on specific African languages but has variable performance across different languages.
* Larger models, such as LLaMa 3-8B and lola_v1-7.4B, outperform InkubaLM-0.4B in terms of overall translation quality.
* Further refinement and optimization may be necessary to improve the performance of InkubaLM-0.4B on African languages translation tasks.

Overall, the text suggests that while InkubaLM-0.4B is a capable model for specific African languages, it is outperformed by larger models in terms of overall translation quality.
2024-10-17 00:56:33,006 - INFO - Scores: 0.45, 0.46, 0.46, 0.48, 0.49, 0.52, 0.52, 0.53, 0.55, 0.58
2024-10-17 00:56:33,006 - INFO - ---
2024-10-17 00:56:33,006 - INFO - ---
